primary_rank,raw_throughput_rank,config_id,case_id,workload_config_id,block,block_order,status,eligible,is_qualified,qualified,qualification_status,qualification_reason,qualification_policy_id,measurement_contract_id,throughput_unit,producer_mib_per_sec,consumer_mib_per_sec,balanced_mib_per_sec,producer_delivered_MBps,consumer_received_MBps,balanced_app_MBps,producer_records_per_sec,consumer_records_per_sec,balanced_records_per_sec,messages_attempted,messages_enqueued,pending_messages_at_flush_start,backlog_denominator,backlog_denominator_value,pending_backlog_percent,flush_sec,messages_failed,failed_send_percent,latency_valid,latency_sample_count,latency_p50_us,latency_p95_us,latency_p99_us,latency_p99_9_us,clock_uncertainty_us_max,clock_drift_us_max,records_published,records_consumed,records_late_drained,records_missing_after_drain,duplicate_records,out_of_order_records,invalid_envelope_records,surplus_records,producer_ranks,consumer_ranks,partitions,batch_size,linger_ms,payload_size_bytes,producer_queue_messages,producer_queue_kbytes,consumer_fetch_min_bytes,consumer_fetch_wait_max_ms,consumer_fetch_message_max_bytes,manifest_note,source_report,source_report_sha256
1,4,cfg_107,cfg_107,cfg_107,0,0,completed,True,True,True,qualified,eligible and all shared qualification thresholds satisfied,qualification.application.v1,measurement.messaging.reproducible.v1,MiB/s,3001.52918917343,3118.2486979166665,3001.52918917343,3001.52918917343,3118.2486979166665,3001.52918917343,384195.73621419905,399135.8333333333,384195.73621419905,12334965,12334965,342466,messages_attempted,12334965,2.7763840432461704,2.105923268944025,0,0.0,True,1233495,308000.0,2960000.0,5890000.0,9570000.0,3.628,14.161,12334965,11974075,360890,0,0,0,0,0,48,24,60,2097152,5,8192,2000000,2097152,8388608,50,33554432,seeded-mixed,results/sweeps/kafka_v1_reproducible/kafka_reproducible_standard96s_20260814T163308Z-v1/batch_004_job_15280717/cases/cfg_107/final_report.json,5b89e109bfcf396b4a158fb661f73974bbb268d234d56f2e2191ca2e5d8562c2
2,5,cfg_061,cfg_061,cfg_061,0,0,completed,True,True,True,qualified,eligible and all shared qualification thresholds satisfied,qualification.application.v1,measurement.messaging.reproducible.v1,MiB/s,2998.191423418827,3092.8533854166667,2998.191423418827,2998.191423418827,3092.8533854166667,2998.191423418827,383768.50219760987,395885.23333333334,383768.50219760987,12256841,12256841,370863,messages_attempted,12256841,3.0257633267821618,1.9380622759927064,0,0.0,True,1225688,399000.0,3590000.0,5820000.0,9220000.0,3.59,54.658,12256841,11876557,380284,0,0,0,0,0,48,56,90,524288,20,8192,1000000,2097152,8388608,25,16777216,seeded-mixed,results/sweeps/kafka_v1_reproducible/kafka_reproducible_standard96s_20260814T163308Z-v1/batch_003_job_15280716/cases/cfg_061/final_report.json,9a29e8560966b38b9c8df5b9edd889f4550f484f484586aaaf8f55741c0fc12a
3,7,cfg_113,cfg_113,cfg_113,0,0,completed,True,True,True,qualified,eligible and all shared qualification thresholds satisfied,qualification.application.v1,measurement.messaging.reproducible.v1,MiB/s,2961.4496509002006,3034.2369791666665,2961.4496509002006,2961.4496509002006,3034.2369791666665,2961.4496509002006,379065.5553152257,388382.3333333333,379065.5553152257,12145503,12145503,478706,messages_attempted,12145503,3.9414258923652645,2.0406379669439048,0,0.0,True,1214549,570000.0,3870000.0,6820000.0,10800000.0,3.515,5.18,12145503,11651470,494033,0,0,0,0,0,48,56,240,4194304,5,8192,500000,1048576,4194304,100,4194304,seeded-mixed,results/sweeps/kafka_v1_reproducible/kafka_reproducible_standard96s_20260814T163308Z-v1/batch_004_job_15280717/cases/cfg_113/final_report.json,c725e2b41c6c640777ad5dc4c2cf024276d74cca694e5a8bf396e2d944e741a0
4,13,cfg_062,cfg_062,cfg_062,0,0,completed,True,True,True,qualified,eligible and all shared qualification thresholds satisfied,qualification.application.v1,measurement.messaging.reproducible.v1,MiB/s,2783.412155708857,2910.854427083333,2783.412155708857,2783.412155708857,2910.854427083333,2783.412155708857,712553.5118614674,745178.7333333333,712553.5118614674,22922124,22922124,564102,messages_attempted,22922124,2.460949953852444,2.1689673189539462,0,0.0,True,2292212,203000.0,3440000.0,7150000.0,11100000.0,3.531,4.275,22922124,22355362,566762,0,0,0,0,0,64,64,60,524288,0,4096,1000000,1048576,262144,25,16777216,seeded-mixed,results/sweeps/kafka_v1_reproducible/kafka_reproducible_standard96s_20260814T163308Z-v1/batch_003_job_15280716/cases/cfg_062/final_report.json,92ddbd161b125deaa8a5709757a811b12cabd0e076ed0580581b5600b1c7d92e
5,15,cfg_049,cfg_049,cfg_049,0,0,completed,True,True,True,qualified,eligible and all shared qualification thresholds satisfied,qualification.application.v1,measurement.messaging.reproducible.v1,MiB/s,2719.617285970418,2873.47890625,2719.617285970418,2719.617285970418,2873.47890625,2719.617285970418,696222.025208427,735610.6,696222.025208427,22763145,22763145,685953,messages_attempted,22763145,3.013436851542263,2.6951714637689292,0,0.0,True,2276312,336000.0,3370000.0,7600000.0,13000000.0,3.349,243.956,22763145,22068318,694827,0,0,0,0,0,64,64,120,1048576,20,4096,1000000,1048576,1048576,50,8388608,rank-pair:64x64,results/sweeps/kafka_v1_reproducible/kafka_reproducible_standard96s_20260814T163308Z-v1/batch_002_job_15280715/cases/cfg_049/final_report.json,0774f987028f174743e31a52c764cef4b83423db349d74c495dd728d78b32824
6,16,cfg_007,cfg_007,cfg_007,0,0,completed,True,True,True,qualified,eligible and all shared qualification thresholds satisfied,qualification.application.v1,measurement.messaging.reproducible.v1,MiB/s,2698.7427476017588,2815.0345052083335,2698.7427476017588,2698.7427476017588,2815.0345052083335,2698.7427476017588,690878.1433860502,720648.8333333334,690878.1433860502,22752024,22752024,1040012,messages_attempted,22752024,4.571074643732795,2.9293800918385386,0,0.0,True,2275202,494000.0,4940000.0,9810000.0,15900000.0,3.467,29.977,22752024,21619465,1132559,0,0,0,0,0,64,40,120,1048576,20,4096,1000000,1048576,1048576,50,8388608,one-factor:producer_ranks=64,results/sweeps/kafka_v1_reproducible/kafka_reproducible_standard96s_20260814T163308Z-v1/batch_001_job_15280714/cases/cfg_007/final_report.json,f29a251dea48bec0d0c4df05ee8d6edd2c6594545e073f0885a7edda2b0b2641
7,19,cfg_096,cfg_096,cfg_096,0,0,completed,True,True,True,qualified,eligible and all shared qualification thresholds satisfied,qualification.application.v1,measurement.messaging.reproducible.v1,MiB/s,2628.5610752968532,2624.757291666667,2624.757291666667,2628.5610752968532,2624.757291666667,2624.757291666667,168227.9088189986,167984.46666666667,167984.46666666667,5058809,5058809,9850,messages_attempted,5058809,0.1947098615504163,0.07107047503814101,0,0.0,True,505878,107000.0,172000.0,221000.0,304000.0,3.474,8.486,5058809,5039534,19275,0,0,0,0,0,32,64,60,1048576,10,16384,1000000,2097152,8388608,50,4194304,seeded-mixed,results/sweeps/kafka_v1_reproducible/kafka_reproducible_standard96s_20260814T163308Z-v1/batch_004_job_15280717/cases/cfg_096/final_report.json,a6bf51c12ac6053e2c29a1d714173cd6fcace3979d7d88b08f1042eda68f323a
8,21,cfg_078,cfg_078,cfg_078,0,0,completed,True,True,True,qualified,eligible and all shared qualification thresholds satisfied,qualification.application.v1,measurement.messaging.reproducible.v1,MiB/s,2615.5191408266405,2617.249479166667,2615.5191408266405,2615.5191408266405,2617.249479166667,2615.5191408266405,167393.225012905,167503.96666666667,167393.225012905,5039416,5039416,12606,messages_attempted,5039416,0.25014803302604904,0.10519367910455912,0,0.0,True,503938,72500.0,168000.0,308000.0,592000.0,2.97,11.718,5039416,5025119,14297,0,0,0,0,0,32,40,90,262144,20,16384,500000,524288,8388608,10,4194304,seeded-mixed,results/sweeps/kafka_v1_reproducible/kafka_reproducible_standard96s_20260814T163308Z-v1/batch_003_job_15280716/cases/cfg_078/final_report.json,9e262c32de327fffec21a508ca7e1960daa4a24e6b3762d13e2eb51ac52ae39f
9,23,cfg_116,cfg_116,cfg_116,0,0,completed,True,True,True,qualified,eligible and all shared qualification thresholds satisfied,qualification.application.v1,measurement.messaging.reproducible.v1,MiB/s,2574.1898509372695,2574.934114583333,2574.1898509372695,2574.1898509372695,2574.934114583333,2574.1898509372695,329496.3009199705,329591.56666666665,329496.3009199705,9927549,9927549,36004,messages_attempted,9927549,0.36266756275894485,0.12937414715997875,0,0.0,True,992755,101000.0,281000.0,441000.0,688000.0,2.972,28.128,9927549,9887747,39802,0,0,0,0,0,40,32,120,2097152,10,8192,1000000,524288,4194304,10,4194304,seeded-mixed,results/sweeps/kafka_v1_reproducible/kafka_reproducible_standard96s_20260814T163308Z-v1/batch_004_job_15280717/cases/cfg_116/final_report.json,a2202aa6e57a53d310931d5560d5b6133ca1ca3e95ec7e85e8e1e7a6f22adeeb
10,24,cfg_060,cfg_060,cfg_060,0,0,completed,True,True,True,qualified,eligible and all shared qualification thresholds satisfied,qualification.application.v1,measurement.messaging.reproducible.v1,MiB/s,2550.658329894349,2550.3463541666665,2550.3463541666665,2550.658329894349,2550.3463541666665,2550.3463541666665,652968.5324529534,652888.6666666666,652888.6666666666,19706072,19706072,113423,messages_attempted,19706072,0.5755738637309353,0.1791523122228682,0,0.0,True,1970611,148000.0,407000.0,610000.0,913000.0,3.619,0.467,19706072,19586660,119412,0,0,0,0,0,56,64,120,524288,10,4096,500000,2097152,2097152,10,8388608,seeded-mixed,results/sweeps/kafka_v1_reproducible/kafka_reproducible_standard96s_20260814T163308Z-v1/batch_002_job_15280715/cases/cfg_060/final_report.json,a5489b94c820962f8d1bb816d5914479f8ad089d8cdf6841dc028f223d118854
11,25,cfg_029,cfg_029,cfg_029,0,0,completed,True,True,True,qualified,eligible and all shared qualification thresholds satisfied,qualification.application.v1,measurement.messaging.reproducible.v1,MiB/s,2546.7765927910023,2567.8143229166667,2546.7765927910023,2546.7765927910023,2567.8143229166667,2546.7765927910023,325987.4038772483,328680.23333333334,325987.4038772483,10165848,10165848,257952,messages_attempted,10165848,2.5374371129688345,1.184744639787823,0,0.0,True,1016586,811000.0,7340000.0,11100000.0,15500000.0,3.379,8.256,10165848,9860407,305441,0,0,0,0,0,40,40,120,1048576,20,8192,1000000,1048576,1048576,50,8388608,one-factor:payload_size_bytes=8192,results/sweeps/kafka_v1_reproducible/kafka_reproducible_standard96s_20260814T163308Z-v1/batch_001_job_15280714/cases/cfg_029/final_report.json,a9b72aac6fd0d6c487ab24ab6234cb1a992d8a29e80eceef161e62813f11c062
12,26,cfg_048,cfg_048,cfg_048,0,0,completed,True,True,True,qualified,eligible and all shared qualification thresholds satisfied,qualification.application.v1,measurement.messaging.reproducible.v1,MiB/s,2545.430460501906,2548.02265625,2545.430460501906,2545.430460501906,2548.02265625,2545.430460501906,651630.197888488,652293.8,651630.197888488,19691367,19691367,114318,messages_attempted,19691367,0.5805488262952999,0.21855830680578947,0,0.0,True,1969136,147000.0,416000.0,647000.0,1030000.0,3.558,73.689,19691367,19568814,122553,0,0,0,0,0,56,56,120,1048576,20,4096,1000000,1048576,1048576,50,8388608,rank-pair:56x56,results/sweeps/kafka_v1_reproducible/kafka_reproducible_standard96s_20260814T163308Z-v1/batch_002_job_15280715/cases/cfg_048/final_report.json,f1b68a686f7c131e9f2d36b11828d71fb6f2862dba411aef73653e29c7e3ab99
13,27,cfg_006,cfg_006,cfg_006,0,0,completed,True,True,True,qualified,eligible and all shared qualification thresholds satisfied,qualification.application.v1,measurement.messaging.reproducible.v1,MiB/s,2549.1768382088117,2542.9510416666667,2542.9510416666667,2549.1768382088117,2542.9510416666667,2542.9510416666667,652589.2705814558,650995.4666666667,650995.4666666667,19696012,19696012,75003,messages_attempted,19696012,0.3808029767650426,0.18132635415531695,0,0.0,True,1969603,187000.0,458000.0,682000.0,1140000.0,3.501,31.035,19696012,19529864,166148,0,0,0,0,0,56,40,120,1048576,20,4096,1000000,1048576,1048576,50,8388608,one-factor:producer_ranks=56,results/sweeps/kafka_v1_reproducible/kafka_reproducible_standard96s_20260814T163308Z-v1/batch_001_job_15280714/cases/cfg_006/final_report.json,7c66957fbde8ca7aa22154d302d476dc1a3c17a4e36bea3c7f6248c8a0060d31
14,28,cfg_053,cfg_053,cfg_053,0,0,completed,True,True,True,qualified,eligible and all shared qualification thresholds satisfied,qualification.application.v1,measurement.messaging.reproducible.v1,MiB/s,2542.3701936263215,2545.87109375,2542.3701936263215,2542.3701936263215,2545.87109375,2542.3701936263215,650846.7695683383,651743.0,650846.7695683383,19674188,19674188,117283,messages_attempted,19674188,0.596126254359265,0.22858657175675035,0,0.0,True,1967418,147000.0,572000.0,1160000.0,2190000.0,2.973,8.075,19674188,19552290,121898,0,0,0,0,0,56,24,120,1048576,20,4096,1000000,1048576,1048576,50,8388608,rank-pair:56x24,results/sweeps/kafka_v1_reproducible/kafka_reproducible_standard96s_20260814T163308Z-v1/batch_002_job_15280715/cases/cfg_053/final_report.json,be6e993b4762aeaf16c32acb19c1633500638867c50b2af6b4d1ded616eccae5
15,29,cfg_064,cfg_064,cfg_064,0,0,completed,True,True,True,qualified,eligible and all shared qualification thresholds satisfied,qualification.application.v1,measurement.messaging.reproducible.v1,MiB/s,2534.565208213948,2529.683072916667,2529.683072916667,2534.565208213948,2529.683072916667,2529.683072916667,648848.6933027707,647598.8666666667,647598.8666666667,19618379,19618379,136325,messages_attempted,19618379,0.6948841186114306,0.23563204205129296,0,0.0,True,1961838,251000.0,621000.0,917000.0,1390000.0,2.981,8.154,19618379,19427966,190413,0,0,0,0,0,56,48,180,4194304,20,4096,500000,524288,8388608,100,4194304,seeded-mixed,results/sweeps/kafka_v1_reproducible/kafka_reproducible_standard96s_20260814T163308Z-v1/batch_003_job_15280716/cases/cfg_064/final_report.json,b94cd47905999da4c2b7b2ee062227c97f9a5afad6d7929df51975f2f898ccae
16,32,cfg_005,cfg_005,cfg_005,0,0,completed,True,True,True,qualified,eligible and all shared qualification thresholds satisfied,qualification.application.v1,measurement.messaging.reproducible.v1,MiB/s,2152.1773049001617,2149.7540364583333,2149.7540364583333,2152.1773049001617,2149.7540364583333,2149.7540364583333,550957.3900544414,550337.0333333333,550337.0333333333,16592423,16592423,65144,messages_attempted,16592423,0.3926129414612923,0.11556743388064206,0,0.0,True,1659244,138000.0,288000.0,381000.0,558000.0,3.575,22.093,16592423,16510111,82312,0,0,0,0,0,48,40,120,1048576,20,4096,1000000,1048576,1048576,50,8388608,one-factor:producer_ranks=48,results/sweeps/kafka_v1_reproducible/kafka_reproducible_standard96s_20260814T163308Z-v1/batch_001_job_15280714/cases/cfg_005/final_report.json,c58fc652fc98943b2b4fb62de1fc528013abd85f57e0fa259e29f14c967bb102
17,33,cfg_052,cfg_052,cfg_052,0,0,completed,True,True,True,qualified,eligible and all shared qualification thresholds satisfied,qualification.application.v1,measurement.messaging.reproducible.v1,MiB/s,2148.4546183867683,2147.5358072916665,2147.5358072916665,2148.4546183867683,2147.5358072916665,2147.5358072916665,550004.3823070127,549769.1666666666,549769.1666666666,16567818,16567818,69835,messages_attempted,16567818,0.42150994174368644,0.12304550921544433,0,0.0,True,1656778,116000.0,231000.0,322000.0,462000.0,2.977,11.932,16567818,16493075,74743,0,0,0,0,0,48,32,120,1048576,20,4096,1000000,1048576,1048576,50,8388608,rank-pair:48x32,results/sweeps/kafka_v1_reproducible/kafka_reproducible_standard96s_20260814T163308Z-v1/batch_002_job_15280715/cases/cfg_052/final_report.json,3983a0e01960c63d0297b879936a7d26f7cb767c3e0f7d53a551e0154f25c549
18,34,cfg_047,cfg_047,cfg_047,0,0,completed,True,True,True,qualified,eligible and all shared qualification thresholds satisfied,qualification.application.v1,measurement.messaging.reproducible.v1,MiB/s,2144.3020098125526,2143.268359375,2143.268359375,2144.3020098125526,2143.268359375,2143.268359375,548941.3145120135,548676.7,548676.7,16535898,16535898,68670,messages_attempted,16535898,0.415278323560051,0.1231793500483036,0,0.0,True,1653590,119000.0,232000.0,323000.0,464000.0,3.439,52.299,16535898,16460301,75597,0,0,0,0,0,48,48,120,1048576,20,4096,1000000,1048576,1048576,50,8388608,rank-pair:48x48,results/sweeps/kafka_v1_reproducible/kafka_reproducible_standard96s_20260814T163308Z-v1/batch_002_job_15280715/cases/cfg_047/final_report.json,216c99d457d3a9e1891913ef35ede95b23afe6f07d0662925acf3e21d22735dd
19,35,cfg_086,cfg_086,cfg_086,0,0,completed,True,True,True,qualified,eligible and all shared qualification thresholds satisfied,qualification.application.v1,measurement.messaging.reproducible.v1,MiB/s,2129.7909193166856,2129.370572916667,2129.370572916667,2129.7909193166856,2129.370572916667,2129.370572916667,545226.4753450715,545118.8666666667,545118.8666666667,16456107,16456107,94946,messages_attempted,16456107,0.5769651351926673,0.18206429888959974,0,0.0,True,1645613,160000.0,440000.0,656000.0,1000000.0,3.573,4.777,16456107,16353566,102541,0,0,0,0,0,48,24,240,1048576,5,4096,500000,524288,2097152,50,8388608,seeded-mixed,results/sweeps/kafka_v1_reproducible/kafka_reproducible_standard96s_20260814T163308Z-v1/batch_003_job_15280716/cases/cfg_086/final_report.json,bf41ab01a4b97f1dbdfed9042646d41cb636717e20dac9b23ab47ef115bf4484
20,36,cfg_088,cfg_088,cfg_088,0,0,completed,True,True,True,qualified,eligible and all shared qualification thresholds satisfied,qualification.application.v1,measurement.messaging.reproducible.v1,MiB/s,2051.3340563723477,2049.4625,2049.4625,2051.3340563723477,2049.4625,2049.4625,131285.37960783025,131165.6,131165.6,3943530,3943530,6085,messages_attempted,3943530,0.15430337793804028,0.037699913955293596,0,0.0,True,394353,63100.0,104000.0,111000.0,117000.0,3.565,14.271,3943530,3934968,8562,0,0,0,0,0,24,32,60,262144,80,16384,500000,1048576,2097152,25,16777216,seeded-mixed,results/sweeps/kafka_v1_reproducible/kafka_reproducible_standard96s_20260814T163308Z-v1/batch_003_job_15280716/cases/cfg_088/final_report.json,151d9ba9ea9b48f4639d74a4412c73e71ac7a9436702689d17339f1ad55dbc03
21,37,cfg_081,cfg_081,cfg_081,0,0,completed,True,True,True,qualified,eligible and all shared qualification thresholds satisfied,qualification.application.v1,measurement.messaging.reproducible.v1,MiB/s,1997.3519768928206,1996.4546875,1996.4546875,1997.3519768928206,1996.4546875,1996.4546875,127830.52652114052,127773.1,127773.1,3838473,3838473,3420,messages_attempted,3838473,0.08909793034886529,0.027712634997442365,0,0.0,True,383849,40400.0,57600.0,61800.0,68200.0,3.519,1.847,3838473,3833193,5280,0,0,0,0,0,24,32,90,262144,40,16384,500000,2097152,2097152,10,4194304,seeded-mixed,results/sweeps/kafka_v1_reproducible/kafka_reproducible_standard96s_20260814T163308Z-v1/batch_003_job_15280716/cases/cfg_081/final_report.json,e6376193d020ea1823eebcdb3898bf7d27cb0d8c1f4398645502b2cecb3d30a4
22,39,cfg_065,cfg_065,cfg_065,0,0,completed,True,True,True,qualified,eligible and all shared qualification thresholds satisfied,qualification.application.v1,measurement.messaging.reproducible.v1,MiB/s,1895.962795054964,1895.2567708333333,1895.2567708333333,1895.962795054964,1895.2567708333333,1895.2567708333333,970732.9510681416,970371.4666666667,970371.4666666667,29164475,29164475,41492,messages_attempted,29164475,0.14226897621164106,0.04375590092968196,0,0.0,True,2916447,56700.0,94500.0,102000.0,111000.0,3.584,7.06,29164475,29111144,53331,0,0,0,0,0,64,16,60,524288,80,2048,2000000,1048576,8388608,10,33554432,seeded-mixed,results/sweeps/kafka_v1_reproducible/kafka_reproducible_standard96s_20260814T163308Z-v1/batch_003_job_15280716/cases/cfg_065/final_report.json,b7eb1307530f918123d045942e8ad77fcad0542fbff030a416e9b98948cfdb13
23,40,cfg_026,cfg_026,cfg_026,0,0,completed,True,True,True,qualified,eligible and all shared qualification thresholds satisfied,qualification.application.v1,measurement.messaging.reproducible.v1,MiB/s,1854.0796768869093,1851.1821614583334,1851.1821614583334,1854.0796768869093,1851.1821614583334,1851.1821614583334,474644.3972830488,473902.63333333336,473902.63333333336,14262910,14262910,22814,messages_attempted,14262910,0.15995333350627608,0.04962383513338864,0,0.0,True,1426287,73900.0,145000.0,185000.0,238000.0,2.98,3.961,14262910,14217079,45831,0,0,0,0,0,40,40,120,1048576,80,4096,1000000,1048576,1048576,50,8388608,one-factor:linger_ms=80,results/sweeps/kafka_v1_reproducible/kafka_reproducible_standard96s_20260814T163308Z-v1/batch_001_job_15280714/cases/cfg_026/final_report.json,2801121efaae8ab849739bbd32d45fe44001379b144d8892de23e3d98cc3a4ae
24,41,cfg_014,cfg_014,cfg_014,0,0,completed,True,True,True,qualified,eligible and all shared qualification thresholds satisfied,qualification.application.v1,measurement.messaging.reproducible.v1,MiB/s,1820.0544436537707,1813.8889322916666,1813.8889322916666,1820.0544436537707,1813.8889322916666,1813.8889322916666,465933.9375753653,464355.56666666665,464355.56666666665,13986666,13986666,7917,messages_attempted,13986666,0.05660391118226459,0.01852428400889039,0,0.0,True,1398664,45100.0,121000.0,188000.0,234000.0,3.632,16.858,13986666,13930667,55999,0,0,0,0,0,40,40,60,1048576,20,4096,1000000,1048576,1048576,50,8388608,one-factor:partitions=60,results/sweeps/kafka_v1_reproducible/kafka_reproducible_standard96s_20260814T163308Z-v1/batch_001_job_15280714/cases/cfg_014/final_report.json,2ee24302c787baf94f0fc8e648cb2f0fc917fcd100e83c09521052866bd02e71
25,42,cfg_025,cfg_025,cfg_025,0,0,completed,True,True,True,qualified,eligible and all shared qualification thresholds satisfied,qualification.application.v1,measurement.messaging.reproducible.v1,MiB/s,1795.431158464588,1795.9890625,1795.431158464588,1795.431158464588,1795.9890625,1795.431158464588,459630.3765669345,459773.2,459630.3765669345,13822566,13822566,21945,messages_attempted,13822566,0.15876212853677096,0.07317637116648257,0,0.0,True,1382258,65100.0,160000.0,214000.0,267000.0,2.977,1.229,13822566,13793196,29370,0,0,0,0,0,40,40,120,1048576,40,4096,1000000,1048576,1048576,50,8388608,one-factor:linger_ms=40,results/sweeps/kafka_v1_reproducible/kafka_reproducible_standard96s_20260814T163308Z-v1/batch_001_job_15280714/cases/cfg_025/final_report.json,10bb855baf966c05f6eaaaed22ce2bf1befc988e1f9624623249aa4dfc914df0
26,43,cfg_015,cfg_015,cfg_015,0,0,completed,True,True,True,qualified,eligible and all shared qualification thresholds satisfied,qualification.application.v1,measurement.messaging.reproducible.v1,MiB/s,1779.720286649099,1779.1229166666667,1779.1229166666667,1779.720286649099,1779.1229166666667,1779.1229166666667,455608.39338216936,455455.4666666667,455455.4666666667,13707822,13707822,35359,messages_attempted,13707822,0.2579476156022452,0.08681567199528217,0,0.0,True,1370787,103000.0,210000.0,275000.0,454000.0,3.555,19.014,13707822,13663664,44158,0,0,0,0,0,40,40,90,1048576,20,4096,1000000,1048576,1048576,50,8388608,one-factor:partitions=90,results/sweeps/kafka_v1_reproducible/kafka_reproducible_standard96s_20260814T163308Z-v1/batch_001_job_15280714/cases/cfg_015/final_report.json,c3d7c9022359d44892d30332b7f3842b0acc0a0f410cb8c2c971fcf4c7a0fe26
27,45,cfg_068,cfg_068,cfg_068,0,0,completed,True,True,True,qualified,eligible and all shared qualification thresholds satisfied,qualification.application.v1,measurement.messaging.reproducible.v1,MiB/s,1770.252776994863,1772.0302083333333,1770.252776994863,1770.252776994863,1772.0302083333333,1770.252776994863,906369.4218213699,907279.4666666667,906369.4218213699,27346451,27346451,123565,messages_attempted,27346451,0.4518502236359665,0.17141237598843873,0,0.0,True,2734643,143000.0,222000.0,290000.0,383000.0,3.424,16.034,27346451,27218384,128067,0,0,0,0,0,64,56,120,4194304,40,2048,500000,1048576,1048576,10,16777216,seeded-mixed,results/sweeps/kafka_v1_reproducible/kafka_reproducible_standard96s_20260814T163308Z-v1/batch_003_job_15280716/cases/cfg_068/final_report.json,3a656d4b4c6ff6644aba47a7b2b833caac792435265b68c905ae6b0abdffb141
28,46,cfg_104,cfg_104,cfg_104,0,0,completed,True,True,True,qualified,eligible and all shared qualification thresholds satisfied,qualification.application.v1,measurement.messaging.reproducible.v1,MiB/s,1768.5847086716124,1769.4951822916667,1768.5847086716124,1768.5847086716124,1769.4951822916667,1768.5847086716124,905515.3708398655,905981.5333333333,905515.3708398655,27437797,27437797,253900,messages_attempted,27437797,0.9253658374978136,0.30071466183289886,0,0.0,True,2743777,258000.0,543000.0,644000.0,768000.0,2.954,1.289,27437797,27179446,258351,0,0,0,0,0,64,64,90,1048576,5,2048,500000,524288,262144,25,33554432,seeded-mixed,results/sweeps/kafka_v1_reproducible/kafka_reproducible_standard96s_20260814T163308Z-v1/batch_004_job_15280717/cases/cfg_104/final_report.json,73d1f03a58968a63553dd4f1ce396ba1ff96cef48abc3f2a6105ca3bd1a0f122
29,47,cfg_022,cfg_022,cfg_022,0,0,completed,True,True,True,qualified,eligible and all shared qualification thresholds satisfied,qualification.application.v1,measurement.messaging.reproducible.v1,MiB/s,1767.890961690918,1767.9641927083333,1767.890961690918,1767.890961690918,1767.9641927083333,1767.890961690918,452580.086192875,452598.8333333333,452580.086192875,13647169,13647169,63204,messages_attempted,13647169,0.46312901965235426,0.15410434105433524,0,0.0,True,1364713,152000.0,310000.0,388000.0,490000.0,3.407,4.003,13647169,13577965,69204,0,0,0,0,0,40,40,120,1048576,0,4096,1000000,1048576,1048576,50,8388608,one-factor:linger_ms=0,results/sweeps/kafka_v1_reproducible/kafka_reproducible_standard96s_20260814T163308Z-v1/batch_001_job_15280714/cases/cfg_022/final_report.json,1baee8ea86797a1c1f228bedc9a3dd401f3913e1b0871f98d6b6db2ecd18b376
30,48,cfg_001,cfg_001,cfg_001,0,0,completed,True,True,True,qualified,eligible and all shared qualification thresholds satisfied,qualification.application.v1,measurement.messaging.reproducible.v1,MiB/s,1769.7536286663417,1767.094921875,1767.094921875,1769.7536286663417,1767.094921875,1767.094921875,453056.92893858347,452376.3,452376.3,13630316,13630316,40279,messages_attempted,13630316,0.29551039022132725,0.08520233095623553,0,0.0,True,1363028,117000.0,211000.0,269000.0,382000.0,3.537,6.939,13630316,13571289,59027,0,0,0,0,0,40,40,120,1048576,20,4096,1000000,1048576,1048576,50,8388608,baseline,results/sweeps/kafka_v1_reproducible/kafka_reproducible_standard96s_20260814T163308Z-v1/batch_001_job_15280714/cases/cfg_001/final_report.json,3b1dd9d5be05e70a1ea9066425f62ee5af4aa7cbdd5d0f37cb6806757b844972
31,49,cfg_019,cfg_019,cfg_019,0,0,completed,True,True,True,qualified,eligible and all shared qualification thresholds satisfied,qualification.application.v1,measurement.messaging.reproducible.v1,MiB/s,1768.5323626879413,1766.5333333333333,1766.5333333333333,1768.5323626879413,1766.5333333333333,1766.5333333333333,452744.28484811296,452232.5333333333,452232.5333333333,13623099,13623099,42983,messages_attempted,13623099,0.31551558129321383,0.09000245993956923,0,0.0,True,1362312,116000.0,214000.0,270000.0,346000.0,2.983,1.268,13623099,13566976,56123,0,0,0,0,0,40,40,120,524288,20,4096,1000000,1048576,1048576,50,8388608,one-factor:batch_size=524288,results/sweeps/kafka_v1_reproducible/kafka_reproducible_standard96s_20260814T163308Z-v1/batch_001_job_15280714/cases/cfg_019/final_report.json,58461ae36f4f3f7fedcf8863a1c7a340b9b863d018561f5ab6929e92e6f57716
32,50,cfg_020,cfg_020,cfg_020,0,0,completed,True,True,True,qualified,eligible and all shared qualification thresholds satisfied,qualification.application.v1,measurement.messaging.reproducible.v1,MiB/s,1766.8537033663958,1765.7986979166667,1765.7986979166667,1766.8537033663958,1765.7986979166667,1765.7986979166667,452314.54806179734,452044.4666666667,452044.4666666667,13611507,13611507,43490,messages_attempted,13611507,0.31950907419729496,0.09297510306350887,0,0.0,True,1361149,115000.0,205000.0,252000.0,315000.0,3.331,4.729,13611507,13561334,50173,0,0,0,0,0,40,40,120,2097152,20,4096,1000000,1048576,1048576,50,8388608,one-factor:batch_size=2097152,results/sweeps/kafka_v1_reproducible/kafka_reproducible_standard96s_20260814T163308Z-v1/batch_001_job_15280714/cases/cfg_020/final_report.json,c47f7bc954afbeafc4299b55b9f6de16d0140ba01ccb05256941a5f5f06fa358
33,51,cfg_024,cfg_024,cfg_024,0,0,completed,True,True,True,qualified,eligible and all shared qualification thresholds satisfied,qualification.application.v1,measurement.messaging.reproducible.v1,MiB/s,1764.6181184647069,1763.380859375,1763.380859375,1764.6181184647069,1763.380859375,1763.380859375,451742.23832696496,451425.5,451425.5,13605725,13605725,54938,messages_attempted,13605725,0.4037859063004728,0.11824373505078256,0,0.0,True,1360574,135000.0,246000.0,304000.0,375000.0,3.508,0.372,13605725,13542765,62960,0,0,0,0,0,40,40,120,1048576,10,4096,1000000,1048576,1048576,50,8388608,one-factor:linger_ms=10,results/sweeps/kafka_v1_reproducible/kafka_reproducible_standard96s_20260814T163308Z-v1/batch_001_job_15280714/cases/cfg_024/final_report.json,f3a6a6eda204b90822f25531e17f15bb986267da5bb4064358673c3f70409df5
34,52,cfg_010,cfg_010,cfg_010,0,0,completed,True,True,True,qualified,eligible and all shared qualification thresholds satisfied,qualification.application.v1,measurement.messaging.reproducible.v1,MiB/s,1764.018550542198,1761.515234375,1761.515234375,1764.018550542198,1761.515234375,1761.515234375,451588.7489388027,450947.9,450947.9,13590826,13590826,40835,messages_attempted,13590826,0.30046003090614215,0.09555741585791111,0,0.0,True,1359080,113000.0,220000.0,277000.0,339000.0,2.955,198.349,13590826,13528437,62389,0,0,0,0,0,40,32,120,1048576,20,4096,1000000,1048576,1048576,50,8388608,one-factor:consumer_ranks=32,results/sweeps/kafka_v1_reproducible/kafka_reproducible_standard96s_20260814T163308Z-v1/batch_001_job_15280714/cases/cfg_010/final_report.json,e911df50458f8641f88892058ab6ab46ddc15b8d2aa68100263b29de0324e4ac
35,53,cfg_009,cfg_009,cfg_009,0,0,completed,True,True,True,qualified,eligible and all shared qualification thresholds satisfied,qualification.application.v1,measurement.messaging.reproducible.v1,MiB/s,1764.3716480092107,1760.7350260416667,1760.7350260416667,1764.3716480092107,1760.7350260416667,1760.7350260416667,451679.14189035795,450748.1666666667,450748.1666666667,13598348,13598348,37721,messages_attempted,13598348,0.27739398932870374,0.10619354108348489,0,0.0,True,1359838,113000.0,194000.0,249000.0,352000.0,3.549,29.94,13598348,13522445,75903,0,0,0,0,0,40,24,120,1048576,20,4096,1000000,1048576,1048576,50,8388608,one-factor:consumer_ranks=24,results/sweeps/kafka_v1_reproducible/kafka_reproducible_standard96s_20260814T163308Z-v1/batch_001_job_15280714/cases/cfg_009/final_report.json,ee98e6dac20dddf514e69c0691404aa10e103ee27223be8d9349a9c8512834c2
36,54,cfg_021,cfg_021,cfg_021,0,0,completed,True,True,True,qualified,eligible and all shared qualification thresholds satisfied,qualification.application.v1,measurement.messaging.reproducible.v1,MiB/s,1761.7221516463549,1760.5772135416667,1760.5772135416667,1761.7221516463549,1760.5772135416667,1760.5772135416667,451000.87082146684,450707.76666666666,450707.76666666666,13575974,13575974,39730,messages_attempted,13575974,0.29264935245161783,0.10183101496659219,0,0.0,True,1357598,114000.0,218000.0,274000.0,357000.0,3.567,4.447,13575974,13521233,54741,0,0,0,0,0,40,40,120,4194304,20,4096,1000000,1048576,1048576,50,8388608,one-factor:batch_size=4194304,results/sweeps/kafka_v1_reproducible/kafka_reproducible_standard96s_20260814T163308Z-v1/batch_001_job_15280714/cases/cfg_021/final_report.json,c62702dce9b3bdc6f14ea3577817f32e72f058cdfdcc2ed28e9ce4695f74684b
37,55,cfg_012,cfg_012,cfg_012,0,0,completed,True,True,True,qualified,eligible and all shared qualification thresholds satisfied,qualification.application.v1,measurement.messaging.reproducible.v1,MiB/s,1761.2696595533916,1760.3420572916666,1760.3420572916666,1761.2696595533916,1760.3420572916666,1760.3420572916666,450885.03284566826,450647.56666666665,450647.56666666665,13571032,13571032,41549,messages_attempted,13571032,0.3061594726178525,0.09864056296646595,0,0.0,True,1357103,118000.0,211000.0,266000.0,337000.0,3.005,117.388,13571032,13519427,51605,0,0,0,0,0,40,56,120,1048576,20,4096,1000000,1048576,1048576,50,8388608,one-factor:consumer_ranks=56,results/sweeps/kafka_v1_reproducible/kafka_reproducible_standard96s_20260814T163308Z-v1/batch_001_job_15280714/cases/cfg_012/final_report.json,063f40d8732b5b6ba1a36cd575b23e7a7db5e4cc09b97bf282951cedbbcc6abf
38,56,cfg_008,cfg_008,cfg_008,0,0,completed,True,True,True,qualified,eligible and all shared qualification thresholds satisfied,qualification.application.v1,measurement.messaging.reproducible.v1,MiB/s,1760.7035682891715,1760.28671875,1760.28671875,1760.7035682891715,1760.28671875,1760.28671875,450740.1134820279,450633.4,450633.4,13563036,13563036,41151,messages_attempted,13563036,0.3034055207108497,0.09048727108165622,0,0.0,True,1356304,109000.0,196000.0,242000.0,303000.0,3.516,26.779,13563036,13519002,44034,0,0,0,0,0,40,16,120,1048576,20,4096,1000000,1048576,1048576,50,8388608,one-factor:consumer_ranks=16,results/sweeps/kafka_v1_reproducible/kafka_reproducible_standard96s_20260814T163308Z-v1/batch_001_job_15280714/cases/cfg_008/final_report.json,65ae9d4a48a8fef2028febb34b17a799544e69d503adb0ed8bdd0b99febb0a17
39,57,cfg_013,cfg_013,cfg_013,0,0,completed,True,True,True,qualified,eligible and all shared qualification thresholds satisfied,qualification.application.v1,measurement.messaging.reproducible.v1,MiB/s,1763.867565392206,1760.21640625,1760.21640625,1763.867565392206,1760.21640625,1760.21640625,451550.0967404047,450615.4,450615.4,13584969,13584969,43047,messages_attempted,13584969,0.3168722725830291,0.08511566882953048,0,0.0,True,1358493,121000.0,210000.0,259000.0,322000.0,2.991,27.088,13584969,13518462,66507,0,0,0,0,0,40,64,120,1048576,20,4096,1000000,1048576,1048576,50,8388608,one-factor:consumer_ranks=64,results/sweeps/kafka_v1_reproducible/kafka_reproducible_standard96s_20260814T163308Z-v1/batch_001_job_15280714/cases/cfg_013/final_report.json,408b136b251feb62b63fce830f11d14dab385ce93917d4d6f44a639ecad88b73
40,58,cfg_095,cfg_095,cfg_095,0,0,completed,True,True,True,qualified,eligible and all shared qualification thresholds satisfied,qualification.application.v1,measurement.messaging.reproducible.v1,MiB/s,1759.8949535192212,1761.8375,1759.8949535192212,1759.8949535192212,1761.8375,1759.8949535192212,901066.2162018412,902060.8,901066.2162018412,27299254,27299254,224490,messages_attempted,27299254,0.8223301633077592,0.2965643359348178,0,0.0,True,2729927,231000.0,526000.0,636000.0,777000.0,3.541,30.254,27299254,27061824,237430,0,0,0,0,0,64,40,120,1048576,5,2048,500000,2097152,1048576,100,16777216,seeded-mixed,results/sweeps/kafka_v1_reproducible/kafka_reproducible_standard96s_20260814T163308Z-v1/batch_004_job_15280717/cases/cfg_095/final_report.json,536ec223754187788eae6ad2a4077b46c57353a9ba323b3641c621ff6394e537
41,59,cfg_011,cfg_011,cfg_011,0,0,completed,True,True,True,qualified,eligible and all shared qualification thresholds satisfied,qualification.application.v1,measurement.messaging.reproducible.v1,MiB/s,1763.384981920094,1759.290625,1759.290625,1763.384981920094,1759.290625,1759.290625,451426.5553715441,450378.4,450378.4,13580337,13580337,37875,messages_attempted,13580337,0.27889587717889475,0.08304700185544789,0,0.0,True,1358039,117000.0,224000.0,295000.0,433000.0,2.971,224.444,13580337,13511352,68985,0,0,0,0,0,40,48,120,1048576,20,4096,1000000,1048576,1048576,50,8388608,one-factor:consumer_ranks=48,results/sweeps/kafka_v1_reproducible/kafka_reproducible_standard96s_20260814T163308Z-v1/batch_001_job_15280714/cases/cfg_011/final_report.json,c5f7acec4351dc065af2698002837a81da466f27363214a3def97bf99d8bf361
42,60,cfg_018,cfg_018,cfg_018,0,0,completed,True,True,True,qualified,eligible and all shared qualification thresholds satisfied,qualification.application.v1,measurement.messaging.reproducible.v1,MiB/s,1762.6705441730883,1758.658984375,1758.658984375,1762.6705441730883,1758.658984375,1758.658984375,451243.6593083106,450216.7,450216.7,13582677,13582677,34633,messages_attempted,13582677,0.2549791915098916,0.10041828802786767,0,0.0,True,1358264,115000.0,212000.0,259000.0,319000.0,3.61,0.989,13582677,13506501,76176,0,0,0,0,0,40,40,120,262144,20,4096,1000000,1048576,1048576,50,8388608,one-factor:batch_size=262144,results/sweeps/kafka_v1_reproducible/kafka_reproducible_standard96s_20260814T163308Z-v1/batch_001_job_15280714/cases/cfg_018/final_report.json,101dc35508ed586d8a203e811ce4ae48187496d023a06ae8ca88fb2f90d00467
43,61,cfg_023,cfg_023,cfg_023,0,0,completed,True,True,True,qualified,eligible and all shared qualification thresholds satisfied,qualification.application.v1,measurement.messaging.reproducible.v1,MiB/s,1759.5541482970893,1757.1583333333333,1757.1583333333333,1759.5541482970893,1757.1583333333333,1757.1583333333333,450445.8619640549,449832.5333333333,449832.5333333333,13571516,13571516,55647,messages_attempted,13571516,0.4100278848729943,0.12899626605212688,0,0.0,True,1357153,150000.0,283000.0,349000.0,430000.0,3.608,1.178,13571516,13494976,76540,0,0,0,0,0,40,40,120,1048576,5,4096,1000000,1048576,1048576,50,8388608,one-factor:linger_ms=5,results/sweeps/kafka_v1_reproducible/kafka_reproducible_standard96s_20260814T163308Z-v1/batch_001_job_15280714/cases/cfg_023/final_report.json,bc1f7cb5efee53825bc5454efddb63b5fbca8337b12ff5f12fcf4c751a5c7e40
44,62,cfg_035,cfg_035,cfg_035,0,0,completed,True,True,True,qualified,eligible and all shared qualification thresholds satisfied,qualification.application.v1,measurement.messaging.reproducible.v1,MiB/s,1754.1132674586668,1754.4971354166667,1754.1132674586668,1754.1132674586668,1754.4971354166667,1754.1132674586668,449052.9964694187,449151.26666666666,449052.9964694187,13519907,13519907,43814,messages_attempted,13519907,0.3240702765189139,0.10759046720340848,0,0.0,True,1351988,95900.0,172000.0,251000.0,399000.0,2.988,12.398,13519907,13474538,45369,0,0,0,0,0,40,40,120,1048576,20,4096,1000000,1048576,262144,50,8388608,one-factor:consumer_fetch_min_bytes=262144,results/sweeps/kafka_v1_reproducible/kafka_reproducible_standard96s_20260814T163308Z-v1/batch_002_job_15280715/cases/cfg_035/final_report.json,f6bf1baaae5ba246a0c8b2816378cd06fb6b58a95dfb42bff6ac8040ffbf3d28
45,63,cfg_033,cfg_033,cfg_033,0,0,completed,True,True,True,qualified,eligible and all shared qualification thresholds satisfied,qualification.application.v1,measurement.messaging.reproducible.v1,MiB/s,1752.6194482058877,1752.3950520833334,1752.3950520833334,1752.6194482058877,1752.3950520833334,1752.3950520833334,448670.57874070725,448613.13333333336,448613.13333333336,13506628,13506628,42625,messages_attempted,13506628,0.3155857998014012,0.10358152398839593,0,0.0,True,1350663,106000.0,174000.0,231000.0,324000.0,3.54,10.164,13506628,13458394,48234,0,0,0,0,0,40,40,120,1048576,20,4096,1000000,524288,1048576,50,8388608,one-factor:producer_queue_kbytes=524288,results/sweeps/kafka_v1_reproducible/kafka_reproducible_standard96s_20260814T163308Z-v1/batch_002_job_15280715/cases/cfg_033/final_report.json,6ba01a014f9d18c580d785da0f29f490e9f2695625e073a9c3435129d754f7c8
46,64,cfg_032,cfg_032,cfg_032,0,0,completed,True,True,True,qualified,eligible and all shared qualification thresholds satisfied,qualification.application.v1,measurement.messaging.reproducible.v1,MiB/s,1750.1432186838258,1749.8479166666666,1749.8479166666666,1750.1432186838258,1749.8479166666666,1749.8479166666666,448036.6639830594,447961.06666666665,447961.06666666665,13488366,13488366,44130,messages_attempted,13488366,0.3271708374461369,0.10541780199855566,0,0.0,True,1348834,106000.0,172000.0,220000.0,275000.0,2.982,11.828,13488366,13438832,49534,0,0,0,0,0,40,40,120,1048576,20,4096,2000000,1048576,1048576,50,8388608,one-factor:producer_queue_messages=2000000,results/sweeps/kafka_v1_reproducible/kafka_reproducible_standard96s_20260814T163308Z-v1/batch_002_job_15280715/cases/cfg_032/final_report.json,ab3b1f67ef15d21cb6063df675c9177492487eb4ec756e8ab52be1ee5b92b35a
47,65,cfg_036,cfg_036,cfg_036,0,0,completed,True,True,True,qualified,eligible and all shared qualification thresholds satisfied,qualification.application.v1,measurement.messaging.reproducible.v1,MiB/s,1748.5052050549195,1747.471484375,1747.471484375,1748.5052050549195,1747.471484375,1747.471484375,447617.3324940594,447352.7,447352.7,13475301,13475301,43316,messages_attempted,13475301,0.3214473650718451,0.10444867424666882,0,0.0,True,1347530,119000.0,185000.0,234000.0,305000.0,3.584,11.432,13475301,13420581,54720,0,0,0,0,0,40,40,120,1048576,20,4096,1000000,1048576,2097152,50,8388608,one-factor:consumer_fetch_min_bytes=2097152,results/sweeps/kafka_v1_reproducible/kafka_reproducible_standard96s_20260814T163308Z-v1/batch_002_job_15280715/cases/cfg_036/final_report.json,1804c3b698ac7232572e960e35ae3a8a52cfe13f5662e4ff424559dcce4a48a9
48,66,cfg_043,cfg_043,cfg_043,0,0,completed,True,True,True,qualified,eligible and all shared qualification thresholds satisfied,qualification.application.v1,measurement.messaging.reproducible.v1,MiB/s,1747.311438397604,1747.24765625,1747.24765625,1747.311438397604,1747.24765625,1747.24765625,447311.7282297866,447295.4,447295.4,13462689,13462689,37301,messages_attempted,13462689,0.27706946212602845,0.09686715062707663,0,0.0,True,1346268,102000.0,179000.0,242000.0,341000.0,3.527,0.672,13462689,13418862,43827,0,0,0,0,0,40,40,120,1048576,20,4096,1000000,1048576,1048576,50,16777216,one-factor:consumer_fetch_message_max_bytes=16777216,results/sweeps/kafka_v1_reproducible/kafka_reproducible_standard96s_20260814T163308Z-v1/batch_002_job_15280715/cases/cfg_043/final_report.json,5c3af82ea93654899abfed5edc980d9ce85a1b65016a45c4e70691584d028b22
49,67,cfg_042,cfg_042,cfg_042,0,0,completed,True,True,True,qualified,eligible and all shared qualification thresholds satisfied,qualification.application.v1,measurement.messaging.reproducible.v1,MiB/s,1746.357653128611,1745.8,1745.8,1746.357653128611,1745.8,1745.8,447067.5592009244,446924.8,446924.8,13460111,13460111,46585,messages_attempted,13460111,0.346096700094078,0.1075156731531024,0,0.0,True,1346009,104000.0,165000.0,213000.0,279000.0,3.542,15.841,13460111,13407744,52367,0,0,0,0,0,40,40,120,1048576,20,4096,1000000,1048576,1048576,50,4194304,one-factor:consumer_fetch_message_max_bytes=4194304,results/sweeps/kafka_v1_reproducible/kafka_reproducible_standard96s_20260814T163308Z-v1/batch_002_job_15280715/cases/cfg_042/final_report.json,9029a74aa8b762f2631c7650277b7285ddec3b8619dc49621423dcfecf5a82ce
50,68,cfg_031,cfg_031,cfg_031,0,0,completed,True,True,True,qualified,eligible and all shared qualification thresholds satisfied,qualification.application.v1,measurement.messaging.reproducible.v1,MiB/s,1745.9696163389817,1745.4346354166667,1745.4346354166667,1745.9696163389817,1745.4346354166667,1745.4346354166667,446968.2217827793,446831.26666666666,446831.26666666666,13454851,13454851,43897,messages_attempted,13454851,0.32625407743274154,0.1024562488310039,0,0.0,True,1345491,104000.0,169000.0,221000.0,295000.0,2.986,27.669,13454851,13404938,49913,0,0,0,0,0,40,40,120,1048576,20,4096,500000,1048576,1048576,50,8388608,one-factor:producer_queue_messages=500000,results/sweeps/kafka_v1_reproducible/kafka_reproducible_standard96s_20260814T163308Z-v1/batch_002_job_15280715/cases/cfg_031/final_report.json,572f39a7ec6722beb2932e3a7ae10ccfb94de23400547d2920497d9ed1a77306
51,69,cfg_040,cfg_040,cfg_040,0,0,completed,True,True,True,qualified,eligible and all shared qualification thresholds satisfied,qualification.application.v1,measurement.messaging.reproducible.v1,MiB/s,1745.3816557348716,1744.87109375,1744.87109375,1745.3816557348716,1744.87109375,1744.87109375,446817.70386812714,446687.0,446687.0,13451795,13451795,45247,messages_attempted,13451795,0.33636403171472656,0.1057171612046659,0,0.0,True,1345173,104000.0,170000.0,219000.0,276000.0,3.389,26.202,13451795,13400610,51185,0,0,0,0,0,40,40,120,1048576,20,4096,1000000,1048576,1048576,25,8388608,one-factor:consumer_fetch_wait_max_ms=25,results/sweeps/kafka_v1_reproducible/kafka_reproducible_standard96s_20260814T163308Z-v1/batch_002_job_15280715/cases/cfg_040/final_report.json,4bb54274f8453ba22423c2e2daf1abd6aa8d87f6f020c490016fd952917dd2e7
52,70,cfg_041,cfg_041,cfg_041,0,0,completed,True,True,True,qualified,eligible and all shared qualification thresholds satisfied,qualification.application.v1,measurement.messaging.reproducible.v1,MiB/s,1744.8826803822758,1744.5259114583334,1744.5259114583334,1744.8826803822758,1744.5259114583334,1744.5259114583334,446689.9661778626,446598.63333333336,446598.63333333336,13446492,13446492,42738,messages_attempted,13446492,0.31783754454321617,0.10250939568504691,0,0.0,True,1344648,104000.0,166000.0,211000.0,265000.0,2.97,20.244,13446492,13397959,48533,0,0,0,0,0,40,40,120,1048576,20,4096,1000000,1048576,1048576,100,8388608,one-factor:consumer_fetch_wait_max_ms=100,results/sweeps/kafka_v1_reproducible/kafka_reproducible_standard96s_20260814T163308Z-v1/batch_002_job_15280715/cases/cfg_041/final_report.json,ec45ef24f70c4a7bd5120561766e40e530b356bb10fa3513a1f0d0b9bd476599
53,71,cfg_016,cfg_016,cfg_016,0,0,completed,True,True,True,qualified,eligible and all shared qualification thresholds satisfied,qualification.application.v1,measurement.messaging.reproducible.v1,MiB/s,1744.7863279241435,1743.7177083333333,1743.7177083333333,1744.7863279241435,1743.7177083333333,1743.7177083333333,446665.29994858074,446391.73333333334,446391.73333333334,13446751,13446751,49185,messages_attempted,13446751,0.36577608970375075,0.10469273198395967,0,0.0,True,1344673,128000.0,245000.0,311000.0,399000.0,3.564,10.725,13446751,13391752,54999,0,0,0,0,0,40,40,180,1048576,20,4096,1000000,1048576,1048576,50,8388608,one-factor:partitions=180,results/sweeps/kafka_v1_reproducible/kafka_reproducible_standard96s_20260814T163308Z-v1/batch_001_job_15280714/cases/cfg_016/final_report.json,a1d4d3cd053c614f710ebc8fb6505c96208ebf8d50d3ec584f7e448ed382fc54
54,72,cfg_034,cfg_034,cfg_034,0,0,completed,True,True,True,qualified,eligible and all shared qualification thresholds satisfied,qualification.application.v1,measurement.messaging.reproducible.v1,MiB/s,1743.305768417138,1743.971875,1743.305768417138,1743.305768417138,1743.971875,1743.305768417138,446286.27671478735,446456.8,446286.27671478735,13436647,13436647,37435,messages_attempted,13436647,0.2786037320173701,0.10763084655627608,0,0.0,True,1343665,103000.0,170000.0,220000.0,280000.0,3.622,22.185,13436647,13393704,42943,0,0,0,0,0,40,40,120,1048576,20,4096,1000000,2097152,1048576,50,8388608,one-factor:producer_queue_kbytes=2097152,results/sweeps/kafka_v1_reproducible/kafka_reproducible_standard96s_20260814T163308Z-v1/batch_002_job_15280715/cases/cfg_034/final_report.json,8c6d48fdc371b303b6f6b0d43dfa2d48eb5c618b982a5da6c77d615b0f78a9cc
55,73,cfg_044,cfg_044,cfg_044,0,0,completed,True,True,True,qualified,eligible and all shared qualification thresholds satisfied,qualification.application.v1,measurement.messaging.reproducible.v1,MiB/s,1742.4694590562985,1742.4076822916666,1742.4076822916666,1742.4694590562985,1742.4076822916666,1742.4076822916666,446072.1815184124,446056.36666666664,446056.36666666664,13429010,13429010,41227,messages_attempted,13429010,0.3069995479934857,0.1050093681551516,0,0.0,True,1342898,103000.0,168000.0,218000.0,275000.0,3.515,16.845,13429010,13381691,47319,0,0,0,0,0,40,40,120,1048576,20,4096,1000000,1048576,1048576,50,33554432,one-factor:consumer_fetch_message_max_bytes=33554432,results/sweeps/kafka_v1_reproducible/kafka_reproducible_standard96s_20260814T163308Z-v1/batch_002_job_15280715/cases/cfg_044/final_report.json,4d17d442da923ddfaf76e34f98f86bc26208f57ebf62a8f408ffd4e9d908aee3
56,74,cfg_037,cfg_037,cfg_037,0,0,completed,True,True,True,qualified,eligible and all shared qualification thresholds satisfied,qualification.application.v1,measurement.messaging.reproducible.v1,MiB/s,1743.3067349500636,1741.6809895833333,1741.6809895833333,1743.3067349500636,1741.6809895833333,1741.6809895833333,446286.5241472163,445870.3333333333,445870.3333333333,13437246,13437246,43155,messages_attempted,13437246,0.3211595590346415,0.1089270100928843,0,0.0,True,1343725,132000.0,194000.0,236000.0,289000.0,2.964,5.959,13437246,13376110,61136,0,0,0,0,0,40,40,120,1048576,20,4096,1000000,1048576,4194304,50,8388608,one-factor:consumer_fetch_min_bytes=4194304,results/sweeps/kafka_v1_reproducible/kafka_reproducible_standard96s_20260814T163308Z-v1/batch_002_job_15280715/cases/cfg_037/final_report.json,62f0912b3d571c6b803a1f3230f1fc212b096a823954122d8b1930257b7d6fb4
57,76,cfg_038,cfg_038,cfg_038,0,0,completed,True,True,True,qualified,eligible and all shared qualification thresholds satisfied,qualification.application.v1,measurement.messaging.reproducible.v1,MiB/s,1740.4692734388616,1738.49296875,1738.49296875,1740.4692734388616,1738.49296875,1738.49296875,445560.13400034857,445054.2,445054.2,13413169,13413169,38887,messages_attempted,13413169,0.28991657377909724,0.1040185852907598,0,0.0,True,1341317,131000.0,193000.0,235000.0,289000.0,3.003,81.423,13413169,13351626,61543,0,0,0,0,0,40,40,120,1048576,20,4096,1000000,1048576,8388608,50,8388608,one-factor:consumer_fetch_min_bytes=8388608,results/sweeps/kafka_v1_reproducible/kafka_reproducible_standard96s_20260814T163308Z-v1/batch_002_job_15280715/cases/cfg_038/final_report.json,e14f3a8bdf6a8a42845becbcebb70657f702d81607549e36695b36fde11cd2ce
58,77,cfg_017,cfg_017,cfg_017,0,0,completed,True,True,True,qualified,eligible and all shared qualification thresholds satisfied,qualification.application.v1,measurement.messaging.reproducible.v1,MiB/s,1735.630841159534,1732.8779947916667,1732.8779947916667,1735.630841159534,1732.8779947916667,1732.8779947916667,444321.4953368407,443616.76666666666,443616.76666666666,13381229,13381229,54043,messages_attempted,13381229,0.4038717220966774,0.11609098198823631,0,0.0,True,1338124,139000.0,284000.0,392000.0,548000.0,3.0,3.969,13381229,13308503,72726,0,0,0,0,0,40,40,240,1048576,20,4096,1000000,1048576,1048576,50,8388608,one-factor:partitions=240,results/sweeps/kafka_v1_reproducible/kafka_reproducible_standard96s_20260814T163308Z-v1/batch_001_job_15280714/cases/cfg_017/final_report.json,2e394618987c8b18145384477efae9871a9ac4e5662b7dea4e66bf0f8e401782
59,78,cfg_080,cfg_080,cfg_080,0,0,completed,True,True,True,qualified,eligible and all shared qualification thresholds satisfied,qualification.application.v1,measurement.messaging.reproducible.v1,MiB/s,1731.8947003944015,1730.521875,1730.521875,1731.8947003944015,1730.521875,1730.521875,443365.0433009668,443013.6,443013.6,13359796,13359796,49936,messages_attempted,13359796,0.3737781624809241,0.1326865190640092,0,0.0,True,1335979,160000.0,258000.0,335000.0,450000.0,3.531,4.039,13359796,13290408,69388,0,0,0,0,0,40,16,180,1048576,20,4096,1000000,2097152,8388608,100,8388608,seeded-mixed,results/sweeps/kafka_v1_reproducible/kafka_reproducible_standard96s_20260814T163308Z-v1/batch_003_job_15280716/cases/cfg_080/final_report.json,bb1bc6dee9bb389212f7c56ab2e00886c7664fcab0dccf76ea510f722e00e535
60,79,cfg_084,cfg_084,cfg_084,0,0,completed,True,True,True,qualified,eligible and all shared qualification thresholds satisfied,qualification.application.v1,measurement.messaging.reproducible.v1,MiB/s,1706.2046792711817,1705.6748697916667,1705.6748697916667,1706.2046792711817,1705.6748697916667,1705.6748697916667,436788.3978934225,436652.76666666666,436652.76666666666,13164931,13164931,54811,messages_attempted,13164931,0.4163409591740359,0.14021076494827867,0,0.0,True,1316494,131000.0,223000.0,329000.0,522000.0,3.496,5.056,13164931,13099583,65348,0,0,0,0,0,40,56,240,4194304,40,4096,1000000,524288,2097152,25,16777216,seeded-mixed,results/sweeps/kafka_v1_reproducible/kafka_reproducible_standard96s_20260814T163308Z-v1/batch_003_job_15280716/cases/cfg_084/final_report.json,28b566d4879d94205a8b756ffd4a6a72e203a7152f7bae5abee4309e5878fa21
61,80,cfg_120,cfg_120,cfg_120,0,0,completed,True,True,True,qualified,eligible and all shared qualification thresholds satisfied,qualification.application.v1,measurement.messaging.reproducible.v1,MiB/s,1653.7962066221614,1652.9345703125,1652.9345703125,1653.7962066221614,1652.9345703125,1652.9345703125,846743.6577905467,846302.5,846302.5,25434802,25434802,36565,messages_attempted,25434802,0.1437597194584019,0.03834988619200885,0,0.0,True,2543483,53300.0,90800.0,96500.0,103000.0,2.969,0.561,25434802,25389075,45727,0,0,0,0,0,56,24,60,4194304,80,2048,500000,2097152,2097152,10,4194304,seeded-mixed,results/sweeps/kafka_v1_reproducible/kafka_reproducible_standard96s_20260814T163308Z-v1/batch_004_job_15280717/cases/cfg_120/final_report.json,b1dc54b14a8db4d59e88195f47ff1a0f86198bbd07091fbd278ec86c11e4fd03
62,81,cfg_063,cfg_063,cfg_063,0,0,completed,True,True,True,qualified,eligible and all shared qualification thresholds satisfied,qualification.application.v1,measurement.messaging.reproducible.v1,MiB/s,1553.210215112476,1551.90078125,1551.90078125,1553.210215112476,1551.90078125,1551.90078125,198810.90753439692,198643.3,198643.3,5972949,5972949,9975,messages_attempted,5972949,0.16700293272217795,0.04328188195358962,0,0.0,True,597296,67500.0,106000.0,114000.0,227000.0,2.965,23.785,5972949,5959299,13650,0,0,0,0,0,24,56,180,2097152,80,8192,500000,1048576,1048576,25,16777216,seeded-mixed,results/sweeps/kafka_v1_reproducible/kafka_reproducible_standard96s_20260814T163308Z-v1/batch_003_job_15280716/cases/cfg_063/final_report.json,87cd41df84eb0d8d680a0856b329b44109221bf63f130a725750054f0960ad2a
63,82,cfg_054,cfg_054,cfg_054,0,0,completed,True,True,True,qualified,eligible and all shared qualification thresholds satisfied,qualification.application.v1,measurement.messaging.reproducible.v1,MiB/s,1542.0117838508763,1542.2136067708334,1542.0117838508763,1542.0117838508763,1542.2136067708334,1542.0117838508763,789510.0333316487,789613.3666666667,789510.0333316487,23843753,23843753,153536,messages_attempted,23843753,0.6439254759936491,0.20066553307697177,0,0.0,True,2384373,190000.0,347000.0,393000.0,447000.0,3.315,101.279,23843753,23688401,155352,0,0,0,0,0,56,16,60,1048576,5,2048,500000,2097152,262144,10,33554432,seeded-mixed,results/sweeps/kafka_v1_reproducible/kafka_reproducible_standard96s_20260814T163308Z-v1/batch_002_job_15280715/cases/cfg_054/final_report.json,04dea8864276de0350500dc77f31fb0cbab32113453f0644c781c91605864bb0
64,83,cfg_077,cfg_077,cfg_077,0,0,completed,True,True,True,qualified,eligible and all shared qualification thresholds satisfied,qualification.application.v1,measurement.messaging.reproducible.v1,MiB/s,1537.4882195429723,1537.6564453125,1537.4882195429723,1537.4882195429723,1537.6564453125,1537.4882195429723,787193.9684060018,787280.1,787193.9684060018,23773605,23773605,145788,messages_attempted,23773605,0.6132347197658916,0.20041987497825176,0,0.0,True,2377358,198000.0,363000.0,412000.0,465000.0,3.601,135.75,23773605,23618403,155202,0,0,0,0,0,56,32,60,524288,5,2048,2000000,1048576,1048576,100,8388608,seeded-mixed,results/sweeps/kafka_v1_reproducible/kafka_reproducible_standard96s_20260814T163308Z-v1/batch_003_job_15280716/cases/cfg_077/final_report.json,a2fdcca73a0120af4a6230c4fafc36e928c530bb8b2003f5168513e816a93ea7
65,84,cfg_070,cfg_070,cfg_070,0,0,completed,True,True,True,qualified,eligible and all shared qualification thresholds satisfied,qualification.application.v1,measurement.messaging.reproducible.v1,MiB/s,1534.1133536239163,1534.5767578125,1534.1133536239163,1534.1133536239163,1534.5767578125,1534.1133536239163,785466.0370554451,785703.3,785466.0370554451,23711942,23711942,127968,messages_attempted,23711942,0.5396774334215224,0.1883160419529304,0,0.0,True,2371195,198000.0,359000.0,414000.0,474000.0,3.606,4.564,23711942,23571099,140843,0,0,0,0,0,56,40,60,4194304,5,2048,2000000,1048576,8388608,25,16777216,seeded-mixed,results/sweeps/kafka_v1_reproducible/kafka_reproducible_standard96s_20260814T163308Z-v1/batch_003_job_15280716/cases/cfg_070/final_report.json,0ad3bd54a870d5e778ff99bdf8cebcc27018ba862b13af998433d88ad3a9c1f8
66,85,cfg_118,cfg_118,cfg_118,0,0,completed,True,True,True,qualified,eligible and all shared qualification thresholds satisfied,qualification.application.v1,measurement.messaging.reproducible.v1,MiB/s,1461.5224578471361,1461.3033854166667,1461.3033854166667,1461.5224578471361,1461.3033854166667,1461.3033854166667,187074.87460443343,187046.83333333334,187046.83333333334,5621053,5621053,7160,messages_attempted,5621053,0.1273782688047951,0.04699608590453863,0,0.0,True,562109,57100.0,84600.0,94300.0,110000.0,2.954,5.71,5621053,5611405,9648,0,0,0,0,0,24,40,60,4194304,5,8192,2000000,1048576,2097152,25,4194304,seeded-mixed,results/sweeps/kafka_v1_reproducible/kafka_reproducible_standard96s_20260814T163308Z-v1/batch_004_job_15280717/cases/cfg_118/final_report.json,ea1edae9294e66a95d5078f9fe2ddc271139bd7f48bbf5150ee07929e1255b0d
67,86,cfg_057,cfg_057,cfg_057,0,0,completed,True,True,True,qualified,eligible and all shared qualification thresholds satisfied,qualification.application.v1,measurement.messaging.reproducible.v1,MiB/s,1431.061589737295,1430.2723958333333,1430.2723958333333,1431.061589737295,1430.2723958333333,1430.2723958333333,183175.88348637376,183074.86666666667,183074.86666666667,5508355,5508355,12267,messages_attempted,5508355,0.22269806503030395,0.07130972435697913,0,0.0,True,550835,97700.0,153000.0,190000.0,246000.0,3.002,6.405,5508355,5492246,16109,0,0,0,0,0,24,64,120,262144,0,8192,500000,1048576,2097152,50,4194304,seeded-mixed,results/sweeps/kafka_v1_reproducible/kafka_reproducible_standard96s_20260814T163308Z-v1/batch_002_job_15280715/cases/cfg_057/final_report.json,ac71d9f7a4bfba39b1f0d8d039cbf4da7a1efadb795e4e2e6df9ce39f586bda1
68,87,cfg_004,cfg_004,cfg_004,0,0,completed,True,True,True,qualified,eligible and all shared qualification thresholds satisfied,qualification.application.v1,measurement.messaging.reproducible.v1,MiB/s,1378.2192652455774,1377.9545572916666,1377.9545572916666,1378.2192652455774,1377.9545572916666,1377.9545572916666,352824.1319028678,352756.36666666664,352756.36666666664,10608835,10608835,20384,messages_attempted,10608835,0.19214173846609925,0.0683096928987652,0,0.0,True,1060880,82300.0,124000.0,159000.0,297000.0,3.557,16.545,10608835,10582691,26144,0,0,0,0,0,32,40,120,1048576,20,4096,1000000,1048576,1048576,50,8388608,one-factor:producer_ranks=32,results/sweeps/kafka_v1_reproducible/kafka_reproducible_standard96s_20260814T163308Z-v1/batch_001_job_15280714/cases/cfg_004/final_report.json,aafbd7bb0a287e4000af03988411c6b5664f7ad5159d6ed734601b12080bae85
69,88,cfg_102,cfg_102,cfg_102,0,0,completed,True,True,True,qualified,eligible and all shared qualification thresholds satisfied,qualification.application.v1,measurement.messaging.reproducible.v1,MiB/s,1375.1069967865196,1375.047265625,1375.047265625,1375.1069967865196,1375.047265625,1375.047265625,352027.391177349,352012.1,352012.1,10578619,10578619,11010,messages_attempted,10578619,0.104077857421654,0.05051954695954919,0,0.0,True,1057862,51800.0,77700.0,90300.0,116000.0,3.452,49.359,10578619,10560363,18256,0,0,0,0,0,32,24,180,4194304,40,4096,1000000,1048576,4194304,25,33554432,seeded-mixed,results/sweeps/kafka_v1_reproducible/kafka_reproducible_standard96s_20260814T163308Z-v1/batch_004_job_15280717/cases/cfg_102/final_report.json,035f4be27a0db68ab84a955ef78dfdac931107ce8156d9707f5fe8ff940f29e9
70,89,cfg_046,cfg_046,cfg_046,0,0,completed,True,True,True,qualified,eligible and all shared qualification thresholds satisfied,qualification.application.v1,measurement.messaging.reproducible.v1,MiB/s,1371.1792863718683,1371.3311197916667,1371.1792863718683,1371.1792863718683,1371.3311197916667,1371.1792863718683,351021.8973111983,351060.76666666666,351021.8973111983,10556046,10556046,19594,messages_attempted,10556046,0.18561874398804248,0.07232027594000101,0,0.0,True,1055608,68600.0,118000.0,136000.0,169000.0,3.558,42.828,10556046,10531823,24223,0,0,0,0,0,32,32,120,1048576,20,4096,1000000,1048576,1048576,50,8388608,rank-pair:32x32,results/sweeps/kafka_v1_reproducible/kafka_reproducible_standard96s_20260814T163308Z-v1/batch_002_job_15280715/cases/cfg_046/final_report.json,13429381e22a99e6a7e111de5acb5925aac46beb0de6c29fd5f304a74a89b3c3
71,91,cfg_093,cfg_093,cfg_093,0,0,completed,True,True,True,qualified,eligible and all shared qualification thresholds satisfied,qualification.application.v1,measurement.messaging.reproducible.v1,MiB/s,1299.749270787642,1299.8576171875,1299.749270787642,1299.749270787642,1299.8576171875,1299.749270787642,665471.6266432727,665527.1,665471.6266432727,20102557,20102557,124406,messages_attempted,20102557,0.6188565962031596,0.2079579778946936,0,0.0,True,2010257,199000.0,360000.0,416000.0,480000.0,3.568,22.01,20102557,19965813,136744,0,0,0,0,0,48,56,90,524288,5,2048,1000000,524288,1048576,50,33554432,seeded-mixed,results/sweeps/kafka_v1_reproducible/kafka_reproducible_standard96s_20260814T163308Z-v1/batch_004_job_15280717/cases/cfg_093/final_report.json,1a0c4dd9b1e1baf160256c38c8c64c2ea726ea459e0424506b5ecc5a887f7121
72,92,cfg_055,cfg_055,cfg_055,0,0,completed,True,True,True,qualified,eligible and all shared qualification thresholds satisfied,qualification.application.v1,measurement.messaging.reproducible.v1,MiB/s,1264.7770029853514,1264.0046875,1264.0046875,1264.7770029853514,1264.0046875,1264.0046875,80945.72819106249,80896.3,80896.3,2428803,2428803,404,messages_attempted,2428803,0.01663370804466233,0.005208007991313934,0,0.0,True,242880,24500.0,38900.0,42700.0,47700.0,2.984,3.587,2428803,2426889,1914,0,0,0,0,0,16,16,60,524288,5,16384,2000000,524288,8388608,25,33554432,seeded-mixed,results/sweeps/kafka_v1_reproducible/kafka_reproducible_standard96s_20260814T163308Z-v1/batch_002_job_15280715/cases/cfg_055/final_report.json,cb6d0d9c5b78818208191cab08bea8ec60458eac91a859c80e75e3aa741791f1
73,94,cfg_028,cfg_028,cfg_028,0,0,completed,True,True,True,qualified,eligible and all shared qualification thresholds satisfied,qualification.application.v1,measurement.messaging.reproducible.v1,MiB/s,1070.4373378108783,1069.8559895833334,1069.8559895833334,1070.4373378108783,1069.8559895833334,1069.8559895833334,548063.9169591697,547766.2666666667,547766.2666666667,16506632,16506632,61249,messages_attempted,16506632,0.37105691821323694,0.1180648289155215,0,0.0,True,1650661,137000.0,172000.0,189000.0,222000.0,3.004,8.911,16506632,16432988,73644,0,0,0,0,0,40,40,120,1048576,20,2048,1000000,1048576,1048576,50,8388608,one-factor:payload_size_bytes=2048,results/sweeps/kafka_v1_reproducible/kafka_reproducible_standard96s_20260814T163308Z-v1/batch_001_job_15280714/cases/cfg_028/final_report.json,a6f39b6679b733351de60a9551d44f3eb7f2f02f21f50c668ccec54d61ee11a2
74,95,cfg_114,cfg_114,cfg_114,0,0,completed,True,True,True,qualified,eligible and all shared qualification thresholds satisfied,qualification.application.v1,measurement.messaging.reproducible.v1,MiB/s,1055.8773370300876,1056.0375,1055.8773370300876,1055.8773370300876,1056.0375,1055.8773370300876,540609.1965594048,540691.2,540609.1965594048,16304394,16304394,81220,messages_attempted,16304394,0.4981479225784166,0.15926900110207498,0,0.0,True,1630439,149000.0,244000.0,304000.0,369000.0,3.535,0.289,16304394,16220736,83658,0,0,0,0,0,40,32,180,524288,20,2048,2000000,2097152,262144,100,4194304,seeded-mixed,results/sweeps/kafka_v1_reproducible/kafka_reproducible_standard96s_20260814T163308Z-v1/batch_004_job_15280717/cases/cfg_114/final_report.json,9cd60d9084dce1ba8852d4340518d7f1d576a4d1926b419ef7e98a1ab9644c90
75,96,cfg_003,cfg_003,cfg_003,0,0,completed,True,True,True,qualified,eligible and all shared qualification thresholds satisfied,qualification.application.v1,measurement.messaging.reproducible.v1,MiB/s,1029.1031345070066,1028.3559895833334,1028.3559895833334,1029.1031345070066,1028.3559895833334,1028.3559895833334,263450.4024337937,263259.13333333336,263259.13333333336,7907751,7907751,3684,messages_attempted,7907751,0.04658720285957411,0.01605672389268875,0,0.0,True,790773,36000.0,57600.0,62600.0,67600.0,2.975,13.475,7907751,7897774,9977,0,0,0,0,0,24,40,120,1048576,20,4096,1000000,1048576,1048576,50,8388608,one-factor:producer_ranks=24,results/sweeps/kafka_v1_reproducible/kafka_reproducible_standard96s_20260814T163308Z-v1/batch_001_job_15280714/cases/cfg_003/final_report.json,1238b039cdbc990c32f4e0c9ea5ec1a7ca4a0bce7ed2652afce8539a5f35a040
76,97,cfg_045,cfg_045,cfg_045,0,0,completed,True,True,True,qualified,eligible and all shared qualification thresholds satisfied,qualification.application.v1,measurement.messaging.reproducible.v1,MiB/s,1022.7339022693633,1022.325390625,1022.325390625,1022.7339022693633,1022.325390625,1022.325390625,261819.878980957,261715.3,261715.3,7859083,7859083,3642,messages_attempted,7859083,0.04634128434576909,0.017058120109140873,0,0.0,True,785909,28200.0,43600.0,47000.0,52600.0,2.988,35.719,7859083,7851459,7624,0,0,0,0,0,24,24,120,1048576,20,4096,1000000,1048576,1048576,50,8388608,rank-pair:24x24,results/sweeps/kafka_v1_reproducible/kafka_reproducible_standard96s_20260814T163308Z-v1/batch_002_job_15280715/cases/cfg_045/final_report.json,782beb854a0510b2bbd63efc9dcce7fed4867e10b3cacb7a37140c0431245535
77,98,cfg_050,cfg_050,cfg_050,0,0,completed,True,True,True,qualified,eligible and all shared qualification thresholds satisfied,qualification.application.v1,measurement.messaging.reproducible.v1,MiB/s,1020.3992250074919,1019.5837239583333,1019.5837239583333,1020.3992250074919,1019.5837239583333,1019.5837239583333,261222.2016019179,261013.43333333332,261013.43333333332,7840930,7840930,3621,messages_attempted,7840930,0.04618074641656028,0.016304059885442257,0,0.0,True,784092,38400.0,64800.0,74600.0,169000.0,3.622,47.586,7840930,7830403,10527,0,0,0,0,0,24,48,120,1048576,20,4096,1000000,1048576,1048576,50,8388608,rank-pair:24x48,results/sweeps/kafka_v1_reproducible/kafka_reproducible_standard96s_20260814T163308Z-v1/batch_002_job_15280715/cases/cfg_050/final_report.json,dc1fdbab24a353c64e4a6e85588b5e2688ae5180b98302f3e0f207908cb51e4f
78,99,cfg_089,cfg_089,cfg_089,0,0,completed,True,True,True,qualified,eligible and all shared qualification thresholds satisfied,qualification.application.v1,measurement.messaging.reproducible.v1,MiB/s,1019.8026789640803,1018.6350260416667,1018.6350260416667,1019.8026789640803,1018.6350260416667,1018.6350260416667,261069.48581480456,260770.56666666668,260770.56666666668,7837788,7837788,4344,messages_attempted,7837788,0.05542380069478787,0.021841992042027414,0,0.0,True,783780,49400.0,78400.0,84700.0,91100.0,3.591,10.745,7837788,7823117,14671,0,0,0,0,0,24,56,120,4194304,20,4096,500000,524288,4194304,50,4194304,seeded-mixed,results/sweeps/kafka_v1_reproducible/kafka_reproducible_standard96s_20260814T163308Z-v1/batch_003_job_15280716/cases/cfg_089/final_report.json,681838469e2f4302ecceb50ba92037a17c7d01752cbcd4a0e1eda1559982a362
79,100,cfg_094,cfg_094,cfg_094,0,0,completed,True,True,True,qualified,eligible and all shared qualification thresholds satisfied,qualification.application.v1,measurement.messaging.reproducible.v1,MiB/s,1000.9456389151784,999.76787109375,999.76787109375,1000.9456389151784,999.76787109375,999.76787109375,1024968.3342491427,1023762.3,1023762.3,31112061,31112061,382507,messages_attempted,31112061,1.2294492479942103,0.3541236559394747,0,0.0,True,3111207,359000.0,642000.0,712000.0,785000.0,3.619,13.274,31112061,30712869,399192,0,0,0,0,0,64,56,90,1048576,5,1024,1000000,524288,4194304,25,8388608,seeded-mixed,results/sweeps/kafka_v1_reproducible/kafka_reproducible_standard96s_20260814T163308Z-v1/batch_004_job_15280717/cases/cfg_094/final_report.json,d5b593f9f23413859fb5d195fc61a2086568ef7a590621a8fffb5efb0ced1490
80,101,cfg_111,cfg_111,cfg_111,0,0,completed,True,True,True,qualified,eligible and all shared qualification thresholds satisfied,qualification.application.v1,measurement.messaging.reproducible.v1,MiB/s,995.2491593154949,994.3276041666667,994.3276041666667,995.2491593154949,994.3276041666667,994.3276041666667,127391.89239238335,127273.93333333333,127273.93333333333,3824549,3824549,3497,messages_attempted,3824549,0.0914356176375306,0.02187780709937215,0,0.0,True,382457,49600.0,78600.0,86800.0,95300.0,3.541,9.496,3824549,3818218,6331,0,0,0,0,0,16,40,180,1048576,40,8192,1000000,524288,1048576,100,33554432,seeded-mixed,results/sweeps/kafka_v1_reproducible/kafka_reproducible_standard96s_20260814T163308Z-v1/batch_004_job_15280717/cases/cfg_111/final_report.json,1e90c34a31039ce36320ca6233908a5c6a1d29807b69443e467bfe486f800716
81,102,cfg_090,cfg_090,cfg_090,0,0,completed,True,True,True,qualified,eligible and all shared qualification thresholds satisfied,qualification.application.v1,measurement.messaging.reproducible.v1,MiB/s,938.5146309103644,938.3270833333333,938.3270833333333,938.5146309103644,938.3270833333333,938.3270833333333,120129.87275652665,120105.86666666667,120105.86666666667,3604568,3604568,566,messages_attempted,3604568,0.015702297751075858,0.005494571989402175,0,0.0,True,360455,11400.0,17400.0,19500.0,26600.0,3.59,4.403,3604568,3603176,1392,0,0,0,0,0,16,32,90,1048576,5,8192,2000000,2097152,4194304,10,4194304,seeded-mixed,results/sweeps/kafka_v1_reproducible/kafka_reproducible_standard96s_20260814T163308Z-v1/batch_003_job_15280716/cases/cfg_090/final_report.json,bdf66cd3fb845178134f1c2ad3b79490e03da7f013e06659dbdde6370e16bd43
82,103,cfg_059,cfg_059,cfg_059,0,0,completed,True,True,True,qualified,eligible and all shared qualification thresholds satisfied,qualification.application.v1,measurement.messaging.reproducible.v1,MiB/s,880.6530658115109,879.8483072916666,879.8483072916666,880.6530658115109,879.8483072916666,879.8483072916666,901788.7393909872,900964.6666666666,900964.6666666666,27230014,27230014,165335,messages_attempted,27230014,0.6071792691696744,0.1955241896212101,0,0.0,True,2723003,219000.0,353000.0,399000.0,452000.0,3.563,12.853,27230014,27028940,201074,0,0,0,0,0,56,16,60,524288,10,1024,500000,524288,4194304,50,33554432,seeded-mixed,results/sweeps/kafka_v1_reproducible/kafka_reproducible_standard96s_20260814T163308Z-v1/batch_002_job_15280715/cases/cfg_059/final_report.json,9295902591100db645427502c0e556c00330cc144ec567bb4eee029d4544850c
83,104,cfg_117,cfg_117,cfg_117,0,0,completed,True,True,True,qualified,eligible and all shared qualification thresholds satisfied,qualification.application.v1,measurement.messaging.reproducible.v1,MiB/s,848.3947206669045,848.5399739583333,848.3947206669045,848.3947206669045,848.5399739583333,848.3947206669045,434378.0969814551,434452.4666666667,434378.0969814551,13116825,13116825,75707,messages_attempted,13116825,0.5771747355019221,0.1967596858739853,0,0.0,True,1311683,194000.0,335000.0,366000.0,397000.0,2.967,2.745,13116825,13033574,83251,0,0,0,0,0,32,24,60,262144,0,2048,500000,524288,8388608,25,8388608,seeded-mixed,results/sweeps/kafka_v1_reproducible/kafka_reproducible_standard96s_20260814T163308Z-v1/batch_004_job_15280717/cases/cfg_117/final_report.json,b558f043a3dc524d42e46dccd985a431276651332d8317c4b09ef9d0fe495e74
84,105,cfg_058,cfg_058,cfg_058,0,0,completed,True,True,True,qualified,eligible and all shared qualification thresholds satisfied,qualification.application.v1,measurement.messaging.reproducible.v1,MiB/s,841.2740717401747,841.2321940104167,841.2321940104167,841.2740717401747,841.2321940104167,841.2321940104167,861464.6494619389,861421.7666666667,861421.7666666667,26123669,26123669,251515,messages_attempted,26123669,0.9627858935128906,0.3246597060933709,0,0.0,True,2612365,331000.0,564000.0,665000.0,763000.0,2.975,17.442,26123669,25842653,281016,0,0,0,0,0,56,40,240,262144,20,1024,2000000,1048576,8388608,50,8388608,seeded-mixed,results/sweeps/kafka_v1_reproducible/kafka_reproducible_standard96s_20260814T163308Z-v1/batch_002_job_15280715/cases/cfg_058/final_report.json,4f4315dfbc851bf664937a1154811464e57fd3256cafd124d89b9ea9360789e3
85,106,cfg_110,cfg_110,cfg_110,0,0,completed,True,True,True,qualified,eligible and all shared qualification thresholds satisfied,qualification.application.v1,measurement.messaging.reproducible.v1,MiB/s,832.4755569166375,833.1501302083333,832.4755569166375,832.4755569166375,833.1501302083333,832.4755569166375,426227.4851413184,426572.86666666664,426227.4851413184,12879193,12879193,76055,messages_attempted,12879193,0.5905261300145126,0.2166655210312456,0,0.0,True,1287916,199000.0,343000.0,385000.0,427000.0,2.958,175.543,12879193,12797186,82007,0,0,0,0,0,32,32,120,4194304,0,2048,500000,524288,4194304,25,8388608,seeded-mixed,results/sweeps/kafka_v1_reproducible/kafka_reproducible_standard96s_20260814T163308Z-v1/batch_004_job_15280717/cases/cfg_110/final_report.json,86af50812a5f509be71f8664d0aee24c56496d6c22e47811980c8892a61d64ed
86,107,cfg_082,cfg_082,cfg_082,0,0,completed,True,True,True,qualified,eligible and all shared qualification thresholds satisfied,qualification.application.v1,measurement.messaging.reproducible.v1,MiB/s,716.1572790704072,716.4204427083333,716.1572790704072,716.1572790704072,716.4204427083333,716.1572790704072,733345.053768097,733614.5333333333,733345.053768097,22345983,22345983,333722,messages_attempted,22345983,1.4934317277516949,0.4713001990457997,0,0.0,True,2234596,405000.0,732000.0,830000.0,931000.0,3.574,0.646,22345983,22008436,337547,0,0,0,0,0,48,40,240,4194304,5,1024,2000000,524288,1048576,10,4194304,seeded-mixed,results/sweeps/kafka_v1_reproducible/kafka_reproducible_standard96s_20260814T163308Z-v1/batch_003_job_15280716/cases/cfg_082/final_report.json,6c6e29870c6bf9b7ec670def59ea46f52e5d91066eca6d3a88bfb605709c1fb3
87,108,cfg_002,cfg_002,cfg_002,0,0,completed,True,True,True,qualified,eligible and all shared qualification thresholds satisfied,qualification.application.v1,measurement.messaging.reproducible.v1,MiB/s,681.0843059894218,680.3354166666667,680.3354166666667,681.0843059894218,680.3354166666667,680.3354166666667,174357.58233329197,174165.86666666667,174165.86666666667,5233003,5233003,2498,messages_attempted,5233003,0.04773549718966337,0.012971027055755258,0,0.0,True,523302,42100.0,68600.0,73000.0,76400.0,3.562,13.322,5233003,5224976,8027,0,0,0,0,0,16,40,120,1048576,20,4096,1000000,1048576,1048576,50,8388608,one-factor:producer_ranks=16,results/sweeps/kafka_v1_reproducible/kafka_reproducible_standard96s_20260814T163308Z-v1/batch_001_job_15280714/cases/cfg_002/final_report.json,a1aef732db3aea97c42947a3c2df330fd42c678763e88ded851bcff07de95534
88,109,cfg_106,cfg_106,cfg_106,0,0,completed,True,True,True,qualified,eligible and all shared qualification thresholds satisfied,qualification.application.v1,measurement.messaging.reproducible.v1,MiB/s,680.8983902809624,679.7338541666667,679.7338541666667,680.8983902809624,679.7338541666667,679.7338541666667,348619.97582385276,348023.73333333334,348023.73333333334,10461966,10461966,4148,messages_attempted,10461966,0.03964837966401344,0.009625623933970928,0,0.0,True,1046198,76200.0,125000.0,135000.0,143000.0,3.418,14.194,10461966,10440712,21254,0,0,0,0,0,24,24,60,262144,20,2048,500000,2097152,8388608,100,4194304,seeded-mixed,results/sweeps/kafka_v1_reproducible/kafka_reproducible_standard96s_20260814T163308Z-v1/batch_004_job_15280717/cases/cfg_106/final_report.json,a2188c479e31345d7900df5f5a85bd290811ca2097458a2d0ace91898d73cabe
89,110,cfg_091,cfg_091,cfg_091,0,0,completed,True,True,True,qualified,eligible and all shared qualification thresholds satisfied,qualification.application.v1,measurement.messaging.reproducible.v1,MiB/s,631.5849341530059,630.784765625,630.784765625,631.5849341530059,630.784765625,630.784765625,161685.7431431695,161480.9,161480.9,4862642,4862642,11591,messages_attempted,4862642,0.23836836024531521,0.07462708395905793,0,0.0,True,486263,108000.0,161000.0,183000.0,204000.0,3.439,62.305,4862642,4844427,18215,0,0,0,0,0,16,56,90,4194304,0,4096,2000000,2097152,1048576,100,8388608,seeded-mixed,results/sweeps/kafka_v1_reproducible/kafka_reproducible_standard96s_20260814T163308Z-v1/batch_004_job_15280717/cases/cfg_091/final_report.json,973181540ae96cb81cf57d0afdffcd00d6cfdcd19bf9d6cc1db69238bd32b29b
90,111,cfg_027,cfg_027,cfg_027,0,0,completed,True,True,True,qualified,eligible and all shared qualification thresholds satisfied,qualification.application.v1,measurement.messaging.reproducible.v1,MiB/s,613.3331690151235,613.8009440104166,613.3331690151235,613.3331690151235,613.8009440104166,613.3331690151235,628053.1650714865,628532.1666666666,628053.1650714865,18937298,18937298,63644,messages_attempted,18937298,0.3360775122195363,0.1523425851482898,0,0.0,True,1893725,199000.0,257000.0,277000.0,311000.0,3.487,3.877,18937298,18855965,81333,0,0,0,0,0,40,40,120,1048576,20,1024,1000000,1048576,1048576,50,8388608,one-factor:payload_size_bytes=1024,results/sweeps/kafka_v1_reproducible/kafka_reproducible_standard96s_20260814T163308Z-v1/batch_001_job_15280714/cases/cfg_027/final_report.json,512815f2df42100ec72f3965097e65a238767e7586db32ad66317b9c03f0817d
91,112,cfg_085,cfg_085,cfg_085,0,0,completed,True,True,True,qualified,eligible and all shared qualification thresholds satisfied,qualification.application.v1,measurement.messaging.reproducible.v1,MiB/s,606.7061818109252,606.6325520833333,606.6325520833333,606.7061818109252,606.6325520833333,606.6325520833333,621267.1301743874,621191.7333333333,621191.7333333333,18776186,18776186,135122,messages_attempted,18776186,0.7196456191901806,0.22238736308645457,0,0.0,True,1877621,216000.0,366000.0,419000.0,483000.0,3.939,4.461,18776186,18635752,140434,0,0,0,0,0,40,24,120,2097152,10,1024,500000,1048576,8388608,10,4194304,seeded-mixed,results/sweeps/kafka_v1_reproducible/kafka_reproducible_standard96s_20260814T163308Z-v1/batch_003_job_15280716/cases/cfg_085/final_report.json,ea85eec03a35c7109eae16fc8e787352bf3594f2bec923e029dc162d29697d28
92,113,cfg_056,cfg_056,cfg_056,0,0,completed,True,True,True,qualified,eligible and all shared qualification thresholds satisfied,qualification.application.v1,measurement.messaging.reproducible.v1,MiB/s,575.6982961323989,575.8283854166667,575.6982961323989,575.6982961323989,575.8283854166667,575.6982961323989,294757.52761978825,294824.13333333336,294757.52761978825,8896317,8896317,43232,messages_attempted,8896317,0.485953906543573,0.18174035707488656,0,0.0,True,889635,184000.0,297000.0,351000.0,406000.0,2.965,8.811,8896317,8844724,51593,0,0,0,0,0,24,40,240,1048576,0,2048,2000000,1048576,2097152,50,8388608,seeded-mixed,results/sweeps/kafka_v1_reproducible/kafka_reproducible_standard96s_20260814T163308Z-v1/batch_002_job_15280715/cases/cfg_056/final_report.json,571e50e04abac7d29eacbe1aeb03b760db33a3cb094eb3788ccda5d84233bf1b
93,114,cfg_076,cfg_076,cfg_076,0,0,completed,True,True,True,qualified,eligible and all shared qualification thresholds satisfied,qualification.application.v1,measurement.messaging.reproducible.v1,MiB/s,524.4301885555266,524.14296875,524.14296875,524.4301885555266,524.14296875,524.14296875,537016.5130808592,536722.4,536722.4,16129668,16129668,24147,messages_attempted,16129668,0.1497054992080432,0.03563857008703053,0,0.0,True,1612968,52300.0,88900.0,92800.0,209000.0,3.552,7.01,16129668,16101672,27996,0,0,0,0,0,32,40,180,2097152,80,1024,2000000,2097152,262144,10,33554432,seeded-mixed,results/sweeps/kafka_v1_reproducible/kafka_reproducible_standard96s_20260814T163308Z-v1/batch_003_job_15280716/cases/cfg_076/final_report.json,d7d1efa2f866f63c155aba59fc285c1025a3b873e658b4f60cd6cef4b3a2a012
94,115,cfg_074,cfg_074,cfg_074,0,0,completed,True,True,True,qualified,eligible and all shared qualification thresholds satisfied,qualification.application.v1,measurement.messaging.reproducible.v1,MiB/s,451.7382373538772,451.4124348958333,451.4124348958333,451.7382373538772,451.4124348958333,451.4124348958333,231289.97752518512,231123.16666666666,231123.16666666666,6942080,6942080,5363,messages_attempted,6942080,0.07725350327279432,0.014593336032703519,0,0.0,True,694209,38500.0,62000.0,66300.0,69000.0,3.587,3.378,6942080,6933695,8385,0,0,0,0,0,16,64,120,262144,40,2048,1000000,2097152,4194304,25,8388608,seeded-mixed,results/sweeps/kafka_v1_reproducible/kafka_reproducible_standard96s_20260814T163308Z-v1/batch_003_job_15280716/cases/cfg_074/final_report.json,044a9b75ba5270425dda3a2791bac3379549e0a23f751b3f12453d4d1d37d3b3
95,116,cfg_073,cfg_073,cfg_073,0,0,completed,True,True,True,qualified,eligible and all shared qualification thresholds satisfied,qualification.application.v1,measurement.messaging.reproducible.v1,MiB/s,409.40777000260846,409.2152994791667,409.2152994791667,409.40777000260846,409.2152994791667,409.2152994791667,209616.77824133553,209518.23333333334,209518.23333333334,6293169,6293169,5658,messages_attempted,6293169,0.0899070086946656,0.02219807996880263,0,0.0,True,629316,41800.0,62600.0,65700.0,67300.0,3.572,17.652,6293169,6285547,7622,0,0,0,0,0,16,48,240,524288,40,2048,500000,524288,262144,25,4194304,seeded-mixed,results/sweeps/kafka_v1_reproducible/kafka_reproducible_standard96s_20260814T163308Z-v1/batch_003_job_15280716/cases/cfg_073/final_report.json,20c382fff3ff4429feeb50939b7b88fd7af87ae5cb6454901714195af3c6ae52
96,117,cfg_115,cfg_115,cfg_115,0,0,completed,True,True,True,qualified,eligible and all shared qualification thresholds satisfied,qualification.application.v1,measurement.messaging.reproducible.v1,MiB/s,397.4013638601847,397.00670572916664,397.00670572916664,397.4013638601847,397.00670572916664,397.00670572916664,203469.49829641456,203267.43333333332,203267.43333333332,6107003,6107003,2951,messages_attempted,6107003,0.048321574428569956,0.014270265121012926,0,0.0,True,610702,41800.0,68100.0,72400.0,76000.0,2.955,23.51,6107003,6098023,8980,0,0,0,0,0,16,56,180,524288,20,2048,500000,1048576,4194304,50,8388608,seeded-mixed,results/sweeps/kafka_v1_reproducible/kafka_reproducible_standard96s_20260814T163308Z-v1/batch_004_job_15280717/cases/cfg_115/final_report.json,4732061ff13fc75d4c44c3ca49c2c588c125e61a16cd4ed78b0ae656f162b318
97,118,cfg_092,cfg_092,cfg_092,0,0,completed,True,True,True,qualified,eligible and all shared qualification thresholds satisfied,qualification.application.v1,measurement.messaging.reproducible.v1,MiB/s,395.07267507335087,394.9505859375,394.9505859375,395.07267507335087,394.9505859375,394.9505859375,202277.20963755564,202214.7,202214.7,6070101,6070101,1563,messages_attempted,6070101,0.02574915969272999,0.008748306194320321,0,0.0,True,607010,18300.0,29800.0,34300.0,39000.0,3.572,39.918,6070101,6066441,3660,0,0,0,0,0,16,32,120,262144,10,2048,2000000,524288,262144,50,33554432,seeded-mixed,results/sweeps/kafka_v1_reproducible/kafka_reproducible_standard96s_20260814T163308Z-v1/batch_004_job_15280717/cases/cfg_092/final_report.json,d2c3e19df5a03d0f54a87c31522c6e94a1bce4285a94ed6b1f6f4b9a201b0373
98,119,cfg_097,cfg_097,cfg_097,0,0,completed,True,True,True,qualified,eligible and all shared qualification thresholds satisfied,qualification.application.v1,measurement.messaging.reproducible.v1,MiB/s,238.13266109404552,237.9140625,237.9140625,238.13266109404552,237.9140625,237.9140625,243847.8449603026,243624.0,243624.0,7317159,7317159,1755,messages_attempted,7317159,0.023984718659250125,0.007029601139947772,0,0.0,True,731716,34400.0,58000.0,61700.0,64700.0,2.95,5.846,7317159,7308720,8439,0,0,0,0,0,16,32,90,4194304,10,1024,500000,2097152,4194304,50,16777216,seeded-mixed,results/sweeps/kafka_v1_reproducible/kafka_reproducible_standard96s_20260814T163308Z-v1/batch_004_job_15280717/cases/cfg_097/final_report.json,aae8a25b0b84ce4f047306d3b984cfbf7c550d66a5eb01ce254713b07ec35f70
99,120,cfg_067,cfg_067,cfg_067,0,0,completed,True,True,True,qualified,eligible and all shared qualification thresholds satisfied,qualification.application.v1,measurement.messaging.reproducible.v1,MiB/s,228.840896403422,228.748828125,228.748828125,228.840896403422,228.748828125,228.748828125,234333.07791710412,234238.8,234238.8,7033114,7033114,3264,messages_attempted,7033114,0.046409030196297114,0.013298399979248643,0,0.0,True,703312,27900.0,44000.0,46400.0,48900.0,2.944,2.582,7033114,7027164,5950,0,0,0,0,0,16,32,180,524288,20,1024,2000000,2097152,2097152,25,4194304,seeded-mixed,results/sweeps/kafka_v1_reproducible/kafka_reproducible_standard96s_20260814T163308Z-v1/batch_003_job_15280716/cases/cfg_067/final_report.json,3bb1d5794a0f6ea38dd5c14983427da43bc3c04cdf9ff9b09325ca66dea43c5b
100,1,cfg_101,cfg_101,cfg_101,0,0,completed,True,False,False,overdriven,producer backlog 5.599368% > 5%,qualification.application.v1,measurement.messaging.reproducible.v1,MiB/s,3079.9830166212396,3180.9098958333334,3079.9830166212396,3079.9830166212396,3180.9098958333334,3079.9830166212396,197118.91306375933,203578.23333333334,197118.91306375933,6472695,6472695,362430,messages_attempted,6472695,5.599367805836672,2.8363780381623656,0,0.0,True,647267,676000.0,4880000.0,7790000.0,11300000.0,3.545,22.51,6472695,6107347,365348,0,0,0,0,0,40,56,180,524288,40,16384,1000000,1048576,8388608,10,16777216,seeded-mixed,results/sweeps/kafka_v1_reproducible/kafka_reproducible_standard96s_20260814T163308Z-v1/batch_004_job_15280717/cases/cfg_101/final_report.json,f5f1673178b3de6bd92534dca8298e722e3fc85e13fcaf9a5ba4a28d4c9bfe3f
101,2,cfg_066,cfg_066,cfg_066,0,0,completed,True,False,False,overdriven,producer backlog 7.718088% > 5%,qualification.application.v1,measurement.messaging.reproducible.v1,MiB/s,3054.525698042913,3124.4234375,3054.525698042913,3054.525698042913,3124.4234375,3054.525698042913,195489.64467474644,199963.1,195489.64467474644,6502064,6502064,501835,messages_attempted,6502064,7.718087671853122,3.260278842994012,0,0.0,True,650205,1090000.0,6350000.0,9900000.0,14300000.0,3.484,5.299,6502064,5998893,503171,0,0,0,0,0,40,48,180,4194304,10,16384,500000,2097152,262144,50,16777216,seeded-mixed,results/sweeps/kafka_v1_reproducible/kafka_reproducible_standard96s_20260814T163308Z-v1/batch_003_job_15280716/cases/cfg_066/final_report.json,7ef35de2341a63a37cceb26b03c05fa7fe86e1cabbf0ce10be0c95c6df5655d3
102,6,cfg_087,cfg_087,cfg_087,0,0,completed,True,False,False,overdriven,producer backlog 9.396587% > 5%,qualification.application.v1,measurement.messaging.reproducible.v1,MiB/s,2991.774852730684,3059.3317708333334,2991.774852730684,2991.774852730684,3059.3317708333334,2991.774852730684,191473.59057476377,195797.23333333334,191473.59057476377,6496135,6496135,610415,messages_attempted,6496135,9.396587355404407,3.927042176015675,0,0.0,True,649614,1690000.0,7690000.0,11800000.0,16700000.0,3.601,7.16,6496135,5873917,622218,0,0,0,0,0,40,64,240,1048576,40,16384,500000,2097152,8388608,50,4194304,seeded-mixed,results/sweeps/kafka_v1_reproducible/kafka_reproducible_standard96s_20260814T163308Z-v1/batch_003_job_15280716/cases/cfg_087/final_report.json,ea077857496c4a329be192e5962fe695e7eeea04dc1f2992f718431508e85a6d
103,8,cfg_075,cfg_075,cfg_075,0,0,completed,True,False,False,overdriven,producer backlog 19.289836% > 5%,qualification.application.v1,measurement.messaging.reproducible.v1,MiB/s,2894.929200111863,2958.1315104166665,2894.929200111863,2894.929200111863,2958.1315104166665,2894.929200111863,370550.93761431845,378640.8333333333,370550.93761431845,14085682,14082603,2717105,messages_attempted,14085682,19.28983630327591,8.002401184057817,3079,0.021859076472122544,True,1408273,3560000.0,13700000.0,19000000.0,24900000.0,3.563,51.05,14082603,11359225,2723378,0,0,0,0,0,56,48,240,2097152,5,8192,1000000,524288,262144,10,33554432,seeded-mixed,results/sweeps/kafka_v1_reproducible/kafka_reproducible_standard96s_20260814T163308Z-v1/batch_003_job_15280716/cases/cfg_075/final_report.json,7b525f964daec92004f27d2823de1b19037fd01c93f1ebbe494bdd3e9645105f
104,9,cfg_105,cfg_105,cfg_105,0,0,completed,True,False,False,overdriven,producer backlog 27.830128% > 5%; flush 13.042476 s > 10 s,qualification.application.v1,measurement.messaging.reproducible.v1,MiB/s,2847.0369924031215,2942.9645833333334,2847.0369924031215,2847.0369924031215,2942.9645833333334,2847.0369924031215,182210.36751379978,188349.73333333334,182210.36751379978,7842817,7842817,2182666,messages_attempted,7842817,27.8301278736964,13.042475720867515,0,0.0,True,784287,6480000.0,15500000.0,19000000.0,22200000.0,3.453,30.013,7842817,5650492,2192325,0,0,0,0,0,48,64,60,2097152,20,16384,500000,2097152,4194304,100,33554432,seeded-mixed,results/sweeps/kafka_v1_reproducible/kafka_reproducible_standard96s_20260814T163308Z-v1/batch_004_job_15280717/cases/cfg_105/final_report.json,b5c0e624cc76f57a61573a3feb1095e08ddca939fc4872f5556566b3c843585d
105,10,cfg_072,cfg_072,cfg_072,0,0,completed,True,False,False,overdriven,producer backlog 19.359952% > 5%,qualification.application.v1,measurement.messaging.reproducible.v1,MiB/s,2835.3244940233703,2910.51328125,2835.3244940233703,2835.3244940233703,2910.51328125,2835.3244940233703,362921.5352349914,372545.7,362921.5352349914,13875933,13866749,2686374,messages_attempted,13875933,19.359952228077205,8.208589221932925,9184,0.06618654039335589,True,1386674,3710000.0,13600000.0,18200000.0,23500000.0,3.547,2.181,13866749,11176371,2690378,0,0,0,0,0,56,56,120,2097152,40,8192,500000,524288,1048576,10,16777216,seeded-mixed,results/sweeps/kafka_v1_reproducible/kafka_reproducible_standard96s_20260814T163308Z-v1/batch_003_job_15280716/cases/cfg_072/final_report.json,530e2ba2f8ea98da3508aceb12b1e01eec84f320ebff753e1b48ff37358b1d49
106,12,cfg_098,cfg_098,cfg_098,0,0,completed,True,False,False,overdriven,producer backlog 13.832702% > 5%,qualification.application.v1,measurement.messaging.reproducible.v1,MiB/s,2825.196155503186,2898.397916666667,2825.196155503186,2825.196155503186,2898.397916666667,2825.196155503186,180812.55395220392,185497.46666666667,180812.55395220392,6459049,6459049,893461,messages_attempted,6459049,13.83270199684195,5.722239943919703,0,0.0,True,645903,2750000.0,8690000.0,11500000.0,14700000.0,3.513,16.273,6459049,5564924,894125,0,0,0,0,0,40,48,240,262144,20,16384,500000,1048576,262144,100,4194304,seeded-mixed,results/sweeps/kafka_v1_reproducible/kafka_reproducible_standard96s_20260814T163308Z-v1/batch_004_job_15280717/cases/cfg_098/final_report.json,7ea2dbd8d085a255c371f51f3646b06db7baed0e305aad21a7e445282b4c3892
107,14,cfg_071,cfg_071,cfg_071,0,0,completed,True,False,False,overdriven,producer backlog 31.997714% > 5%; flush 14.471624 s > 10 s,qualification.application.v1,measurement.messaging.reproducible.v1,MiB/s,2742.975442551369,2763.659375,2742.975442551369,2742.975442551369,2763.659375,2742.975442551369,175550.4283232876,176874.2,175550.4283232876,7807017,7807017,2498067,messages_attempted,7807017,31.99771436388572,14.471624084981158,0,0.0,True,780701,7350000.0,19100000.0,24200000.0,29400000.0,3.464,5.446,7807017,5306226,2500791,0,0,0,0,0,48,64,240,2097152,5,16384,2000000,2097152,1048576,50,33554432,seeded-mixed,results/sweeps/kafka_v1_reproducible/kafka_reproducible_standard96s_20260814T163308Z-v1/batch_003_job_15280716/cases/cfg_071/final_report.json,55a509ec2f60bcb35e5eb6818e7add24d8eb6b3aa0ba0fdae98ccc4562e49f16
108,17,cfg_112,cfg_112,cfg_112,0,0,completed,True,False,False,overdriven,producer backlog 34.279212% > 5%; flush 17.026858 s > 10 s,qualification.application.v1,measurement.messaging.reproducible.v1,MiB/s,2682.5105660440254,2760.25234375,2682.5105660440254,2682.5105660440254,2760.25234375,2682.5105660440254,343361.35245363525,353312.3,343361.35245363525,16150205,16147208,5536163,messages_attempted,16150205,34.279211935699884,17.02685811696574,2997,0.018557039988037302,True,1614740,8230000.0,20000000.0,24400000.0,28600000.0,2.984,11.982,16147208,10599369,5547839,0,0,0,0,0,64,48,60,4194304,20,8192,500000,1048576,2097152,100,33554432,seeded-mixed,results/sweeps/kafka_v1_reproducible/kafka_reproducible_standard96s_20260814T163308Z-v1/batch_004_job_15280717/cases/cfg_112/final_report.json,5610949a86faeb35bee608460daa7e4dee9fa097954fc8f92fe0f83aa242002c
109,18,cfg_099,cfg_099,cfg_099,0,0,completed,True,False,False,overdriven,producer backlog 6.174436% > 5%,qualification.application.v1,measurement.messaging.reproducible.v1,MiB/s,2681.977538107488,2978.703125,2681.977538107488,2681.977538107488,2978.703125,2681.977538107488,343293.12487775844,381274.0,343293.12487775844,12200337,12200337,753302,messages_attempted,12200337,6.174436001235048,5.539023075019941,0,0.0,True,1220033,614000.0,7240000.0,13000000.0,19300000.0,3.548,59.088,12200337,11438220,762117,0,0,0,0,0,48,64,240,524288,10,8192,500000,2097152,2097152,50,4194304,seeded-mixed,results/sweeps/kafka_v1_reproducible/kafka_reproducible_standard96s_20260814T163308Z-v1/batch_004_job_15280717/cases/cfg_099/final_report.json,e1e763e18a32d84f7b9300406c1494aa4af1f08c27215704c654cbc0792a8e28
110,20,cfg_030,cfg_030,cfg_030,0,0,completed,True,False,False,overdriven,producer backlog 22.150768% > 5%,qualification.application.v1,measurement.messaging.reproducible.v1,MiB/s,2621.4172239738177,2640.5583333333334,2621.4172239738177,2621.4172239738177,2640.5583333333334,2621.4172239738177,167770.70233432433,168995.73333333334,167770.70233432433,6530049,6529343,1446456,messages_attempted,6530049,22.1507679345132,8.918218369130045,706,0.01081155746304507,True,652935,4100000.0,14700000.0,19100000.0,24100000.0,3.581,6.001,6529343,5069872,1459471,0,0,0,0,0,40,40,120,1048576,20,16384,1000000,1048576,1048576,50,8388608,one-factor:payload_size_bytes=16384,results/sweeps/kafka_v1_reproducible/kafka_reproducible_standard96s_20260814T163308Z-v1/batch_001_job_15280714/cases/cfg_030/final_report.json,074ab05fa7873dd44bc19771401f4647a2ce87e419f6dc98c0d130b7146918d7
111,22,cfg_079,cfg_079,cfg_079,0,0,completed,True,False,False,overdriven,producer backlog 29.282590% > 5%; flush 10.707097 s > 10 s; failed sends 0.359704% > 0.1%,qualification.application.v1,measurement.messaging.reproducible.v1,MiB/s,2715.1937446482025,2598.996875,2598.996875,2715.1937446482025,2598.996875,2598.996875,347544.7993149699,332671.6,332671.6,14198638,14147565,4157729,messages_attempted,14198638,29.28259034422879,10.707097345031798,51073,0.35970351522448846,True,1414771,8190000.0,16000000.0,19500000.0,24000000.0,2.953,18.186,14147565,9980148,4167417,0,0,0,0,0,64,64,90,524288,20,8192,1000000,524288,4194304,10,8388608,seeded-mixed,results/sweeps/kafka_v1_reproducible/kafka_reproducible_standard96s_20260814T163308Z-v1/batch_003_job_15280716/cases/cfg_079/final_report.json,7662cd07222e243de76ac9616c21092a84b4cc8bf82dd24b9583d7a9d2938b7c
112,30,cfg_083,cfg_083,cfg_083,0,0,completed,True,False,False,overdriven,producer backlog 47.145657% > 5%; flush 25.126220 s > 10 s,qualification.application.v1,measurement.messaging.reproducible.v1,MiB/s,2580.7596981897786,2503.86875,2503.86875,2580.7596981897786,2503.86875,2503.86875,165168.62068414583,160247.6,160247.6,9105142,9105142,4292679,messages_attempted,9105142,47.14565681677452,25.12621965399012,0,0.0,True,910516,13300000.0,26300000.0,30300000.0,34200000.0,3.467,15.124,9105142,4807428,4297714,0,0,0,0,0,56,64,90,2097152,0,16384,500000,2097152,8388608,10,4194304,seeded-mixed,results/sweeps/kafka_v1_reproducible/kafka_reproducible_standard96s_20260814T163308Z-v1/batch_003_job_15280716/cases/cfg_083/final_report.json,7d4e4edc247e19348b938c9dc593e3222af2ba1ee91ecdb9d79174519ffd9395
113,31,cfg_119,cfg_119,cfg_119,0,0,completed,True,False,False,overdriven,producer backlog 48.999835% > 5%; flush 20.762617 s > 10 s; failed sends 0.489155% > 0.1%,qualification.application.v1,measurement.messaging.reproducible.v1,MiB/s,2617.842676688674,2239.071875,2239.071875,2617.842676688674,2239.071875,2239.071875,167541.93130807515,143300.6,143300.6,8546988,8505180,4188010,messages_attempted,8546988,48.99983479560285,20.762617376167327,41808,0.4891547759280813,True,850519,16000000.0,27000000.0,31700000.0,36600000.0,2.961,3.977,8505180,4299018,4206162,0,0,0,0,0,64,64,90,1048576,0,16384,500000,1048576,8388608,100,33554432,seeded-mixed,results/sweeps/kafka_v1_reproducible/kafka_reproducible_standard96s_20260814T163308Z-v1/batch_004_job_15280717/cases/cfg_119/final_report.json,137bb9f5675192fb8f82e090f7de96bc25c6657199fff6428bb38038d1ab31e1
114,3,cfg_108,cfg_108,cfg_108,0,0,completed,False,False,False,ineligible,"latency invalid: clock limits, envelope integrity, exact sample completeness, or negative-latency checks failed",qualification.application.v1,measurement.messaging.reproducible.v1,MiB/s,3010.4155326468394,3062.565885416667,3010.4155326468394,3010.4155326468394,3062.565885416667,3010.4155326468394,385333.18817879545,392008.43333333335,385333.18817879545,12212129,12212129,432601,messages_attempted,12212129,3.542388063539126,1.6923249429091811,0,0.0,False,1221211,692000.0,3280000.0,5410000.0,8960000.0,3.474,634.189,12212129,11760253,451876,0,0,0,0,0,48,64,240,2097152,40,8192,500000,2097152,4194304,100,16777216,seeded-mixed,results/sweeps/kafka_v1_reproducible/kafka_reproducible_standard96s_20260814T163308Z-v1/batch_004_job_15280717/cases/cfg_108/final_report.json,904681849e32bf57d8f3b632a06f0007dc4974874921a6098b1c73780c626bc8
115,11,cfg_100,cfg_100,cfg_100,0,0,completed,False,False,False,ineligible,"latency invalid: clock limits, envelope integrity, exact sample completeness, or negative-latency checks failed; producer backlog 18.940824% > 5%",qualification.application.v1,measurement.messaging.reproducible.v1,MiB/s,2834.1986131976555,3001.190625,2834.1986131976555,2834.1986131976555,3001.190625,2834.1986131976555,362777.4224892999,384152.4,362777.4224892999,14227660,14227660,2694836,messages_attempted,14227660,18.940823719431023,9.218638130929321,0,0.0,False,1422766,3380000.0,12900000.0,18300000.0,25200000.0,3.434,376.015,14227660,11524572,2703088,0,0,0,0,0,56,32,240,1048576,80,8192,1000000,1048576,2097152,25,8388608,seeded-mixed,results/sweeps/kafka_v1_reproducible/kafka_reproducible_standard96s_20260814T163308Z-v1/batch_004_job_15280717/cases/cfg_100/final_report.json,5aa8496af5b4a952049586d13512b7c7d5f092475e98317febdfc539675fc6c3
116,38,cfg_103,cfg_103,cfg_103,0,0,completed,False,False,False,ineligible,"unexplained surplus records: 83350; latency invalid: clock limits, envelope integrity, exact sample completeness, or negative-latency checks failed; producer backlog 64.283367% > 5%; flush 30.084870 s > 10 s",qualification.application.v1,measurement.messaging.reproducible.v1,MiB/s,2525.488538615322,1923.6302083333333,1923.6302083333333,2525.488538615322,1923.6302083333333,1923.6302083333333,161631.2664713806,123112.33333333333,123112.33333333333,10369379,10369379,6665786,messages_attempted,10369379,64.28336740319743,30.084869904909283,0,0.0,False,979462,20800000.0,33900000.0,38100000.0,40700000.0,3.489,123.227,9711598,3693370,6101578,0,0,0,0,83350,64,64,90,262144,10,16384,2000000,2097152,8388608,50,4194304,seeded-mixed,results/sweeps/kafka_v1_reproducible/kafka_reproducible_standard96s_20260814T163308Z-v1/repairs/repair-03/batch_001/cases/cfg_103/final_report.json,1e48b103a494481cbbed7ddb69ae182906d4b67905e463cc16731f58eae7ac0b
117,44,cfg_109,cfg_109,cfg_109,0,0,completed,False,False,False,ineligible,"latency invalid: clock limits, envelope integrity, exact sample completeness, or negative-latency checks failed",qualification.application.v1,measurement.messaging.reproducible.v1,MiB/s,1776.1690397622388,1776.8186848958333,1776.1690397622388,1776.1690397622388,1776.8186848958333,1776.1690397622388,909398.5483582662,909731.1666666666,909398.5483582662,27473020,27473020,179173,messages_attempted,27473020,0.6521780277523185,0.2100205970928073,0,0.0,False,2747299,176000.0,338000.0,432000.0,571000.0,3.528,443.901,27473020,27291935,181085,0,0,0,0,0,64,24,120,4194304,20,2048,1000000,1048576,262144,50,8388608,seeded-mixed,results/sweeps/kafka_v1_reproducible/kafka_reproducible_standard96s_20260814T163308Z-v1/batch_004_job_15280717/cases/cfg_109/final_report.json,f9c21f28e71fe622ada9b228cc2ee4376fca6ebb98afcc0fc0ee385966a8f9b5
118,75,cfg_039,cfg_039,cfg_039,0,0,completed,False,False,False,ineligible,"latency invalid: clock limits, envelope integrity, exact sample completeness, or negative-latency checks failed",qualification.application.v1,measurement.messaging.reproducible.v1,MiB/s,1741.0309530901213,1741.2518229166667,1741.0309530901213,1741.0309530901213,1741.2518229166667,1741.0309530901213,445703.92399107106,445760.4666666667,445703.92399107106,13417747,13417747,41913,messages_attempted,13417747,0.3123698784900326,0.1045332970097661,0,0.0,False,1341776,97600.0,153000.0,195000.0,249000.0,3.001,280.886,13417747,13372814,44933,0,0,0,0,0,40,40,120,1048576,20,4096,1000000,1048576,1048576,10,8388608,one-factor:consumer_fetch_wait_max_ms=10,results/sweeps/kafka_v1_reproducible/kafka_reproducible_standard96s_20260814T163308Z-v1/batch_002_job_15280715/cases/cfg_039/final_report.json,183096d78467b1b0a5a2dc08ead9d2d4d4a72323b5f5c9bfbbbec39bb772481a
119,90,cfg_051,cfg_051,cfg_051,0,0,completed,False,False,False,ineligible,"latency invalid: clock limits, envelope integrity, exact sample completeness, or negative-latency checks failed",qualification.application.v1,measurement.messaging.reproducible.v1,MiB/s,1363.381708211607,1362.612890625,1362.612890625,1363.381708211607,1362.612890625,1362.612890625,349025.7173021714,348828.9,348828.9,10497572,10497572,24601,messages_attempted,10497572,0.2343494286107302,0.07673346903175116,0,0.0,False,1049757,94300.0,127000.0,139000.0,157000.0,3.515,583.035,10497572,10464867,32705,0,0,0,0,0,32,56,120,1048576,20,4096,1000000,1048576,1048576,50,8388608,rank-pair:32x56,results/sweeps/kafka_v1_reproducible/kafka_reproducible_standard96s_20260814T163308Z-v1/batch_002_job_15280715/cases/cfg_051/final_report.json,fcd8d92bd4d2081edf30df49092060f6b9f0bd960991deb396d74668c94c27eb
120,93,cfg_069,cfg_069,cfg_069,0,0,completed,False,False,False,ineligible,"latency invalid: clock limits, envelope integrity, exact sample completeness, or negative-latency checks failed",qualification.application.v1,measurement.messaging.reproducible.v1,MiB/s,1087.6807111733694,1087.483984375,1087.483984375,1087.6807111733694,1087.483984375,1087.483984375,556892.5241207652,556791.8,556791.8,16764472,16764472,55418,messages_attempted,16764472,0.33056812048718265,0.10358250106219202,0,0.0,False,1676450,106000.0,151000.0,168000.0,196000.0,2.954,495.524,16764472,16703754,60718,0,0,0,0,0,40,16,60,1048576,10,2048,500000,524288,8388608,10,4194304,seeded-mixed,results/sweeps/kafka_v1_reproducible/kafka_reproducible_standard96s_20260814T163308Z-v1/batch_003_job_15280716/cases/cfg_069/final_report.json,71f98a30e0a7e687e7c9187cf0f9fa8f98e64bab0df9c129053bb5a3ec452da4
