case_id,stage,anchor_id,anchor_role,block,order,broker_profile_id,broker_profile_sha256,qualification_policy_id,measurement_contract_id,measurement_contract_valid,producer_ranks,consumer_ranks,partitions,payload_size_bytes,batch_size_bytes,linger_ms,producer_queue_messages,producer_queue_kib,consumer_fetch_min_bytes,consumer_fetch_wait_ms,consumer_fetch_max_bytes,warmup_sec,measurement_sec,drain_timeout_sec,latency_enabled,latency_sample_every,target_records_per_sec,completed,profile_valid,profile_reason,latency_valid,correctness_valid,resources_valid,eligible,eligibility_reason,qualified,producer_mibps,consumer_mibps,balanced_mibps,producer_records_per_sec,consumer_records_per_sec,balanced_records_per_sec,pending_backlog_percent,backlog_denominator,backlog_denominator_value,flush_sec,failed_send_count,failed_send_percent,latency_p50_ms,latency_p95_ms,latency_p99_ms,latency_p999_ms,latency_mean_ms,latency_max_ms,latency_sample_count,latency_delivered_sample_count,latency_overflow_count,latency_negative_count,clock_uncertainty_us_max,clock_drift_us_max,missing_after_drain_records,unexplained_surplus_records,invalid_envelope_count,duplicate_offset_count,out_of_order_offset_count,flush_remaining_messages,unresolved_request_queue,missing_required_jmx_metrics,producer_to_broker_iperf_MBps,broker_to_consumer_iperf_MBps,kafka_ingress_to_iperf_capacity_ratio,kafka_egress_to_iperf_capacity_ratio,kafka_to_iperf_capacity_ratio,report_path,sample_count,cpu_allocated_percent_mean,cpu_allocated_percent_p95,rss_gib_mean,rss_gib_p95,ib0_rx_mibps_mean,ib0_rx_mibps_p95,ib0_tx_mibps_mean,ib0_tx_mibps_p95,tmpfs_used_percent_max,kafka_jmx_bytes_in_counter_rate_mean,kafka_jmx_bytes_out_counter_rate_mean,kafka_request_queue_size_mean,kafka_response_queue_size_mean,kafka_request_handler_idle_ratio_mean,kafka_request_queue_time_p99_ms_mean,kafka_local_time_p99_ms_mean,kafka_response_queue_time_p99_ms_mean,kafka_total_time_p99_ms_mean,jvm_heap_used_gb_mean,jvm_gc_collection_rate_mean,jvm_gc_time_rate_ms_per_sec_mean,kafka_jmx_bytes_in_counter_rate_p95,kafka_jmx_bytes_out_counter_rate_p95,kafka_request_queue_size_p95,kafka_response_queue_size_p95,kafka_request_handler_idle_ratio_p95,kafka_request_queue_time_p99_ms_p95,kafka_local_time_p99_ms_p95,kafka_response_queue_time_p99_ms_p95,kafka_total_time_p99_ms_p95,jvm_heap_used_gb_p95,jvm_gc_collection_rate_p95,jvm_gc_time_rate_ms_per_sec_p95,kafka_jmx_bytes_in_counter_rate_last,kafka_jmx_bytes_out_counter_rate_last,kafka_request_queue_size_last,kafka_response_queue_size_last,kafka_request_handler_idle_ratio_last,kafka_request_queue_time_p99_ms_last,kafka_local_time_p99_ms_last,kafka_response_queue_time_p99_ms_last,kafka_total_time_p99_ms_last,jvm_heap_used_gb_last,jvm_gc_collection_rate_last,jvm_gc_time_rate_ms_per_sec_last
confirm_r2_b01_o01_cfg_107_B0,profile_confirmation,cfg_107,qualified_sustainable_leader,1,1,B0,d082de4f4d19f320ebcd87ccbeccf71121251cce04eeae0bc2e939b92dacee3d,qualification.application.v1,measurement.messaging.reproducible.v1,True,48,24,60,8192,2097152,5,2000000,2097152,8388608,50,33554432,15,30,60,True,10,,True,True,valid,True,True,True,True,eligible,True,3019.91717661088,3111.2625,3019.91717661088,386549.3986061926,398241.6,386549.3986061926,2.8457450861689644,messages_attempted,12335996,1.9130932029802352,0,0.0,249.0,3310.0,6040.0,9720.0,740.3725955321056,13366.308526,1233603,1233603,0,0,3.933,26.612,0,0,0,0,0,0,False,,1083.095860932049,1217.9144741929078,3.12210730376938,2.7443161706027386,3.12210730376938,/mnt/vast-nhr/projects/nhr_ni_starter_27971/messaging-benchmark-29ffcb4/results/workflows/kafka/kafka_reproducible_standard96s_20260814T163308Z/selected-results/v2/confirm_r2_b01_o01_cfg_107_B0/final_report.json,30,3.7441720666666667,4.52454,5.729319508870443,5.74395751953125,3250.031021734218,3379.8863464275696,3251.986378185774,3361.1686287754337,55.684581,3381541498.098335,3342342385.938729,0.0,0.0,0.9455440785676935,0.34612544802867407,0.7064838709677421,0.9305770609319001,5.9524910394265245,3.026589122133333,0.42298850574712643,3.910344827586207,4895499962.78837,4856558143.124567,0.0,0.0,0.9494658071453828,3.0,5.0,9.0,35.0,5.07895168,0.9655172413793103,9.379310344827587,5004196605.25507,4966058433.590933,0.0,0.0,0.9408593474456731,0.0,0.0,0.0,0.0,5.204726936,0.7931034482758621,6.275862068965517
confirm_r2_b01_o02_cfg_107_B5,profile_confirmation,cfg_107,qualified_sustainable_leader,1,2,B5,9ca443bdd30445529ed238228772de19b3f8ac80cde6c00ad8f479f75130c4cc,qualification.application.v1,measurement.messaging.reproducible.v1,True,48,24,60,8192,2097152,5,2000000,2097152,8388608,50,33554432,15,30,60,True,10,,True,True,valid,True,True,True,True,eligible,True,3010.1705843749405,3007.919010416667,3007.919010416667,385301.8347999924,385013.63333333336,385013.63333333336,0.19263715249349897,messages_attempted,11591222,0.08336262009106576,0,0.0,103.0,154.0,189.0,334.0,104.80173446399677,701.024324,1159118,1159118,0,0,4.462,28.879,0,0,0,0,0,0,False,,1083.095860932049,1217.9144741929078,2.9911282589250443,2.604950347624845,2.9911282589250443,/mnt/vast-nhr/projects/nhr_ni_starter_27971/messaging-benchmark-29ffcb4/results/workflows/kafka/kafka_reproducible_standard96s_20260814T163308Z/selected-results/v2/confirm_r2_b01_o02_cfg_107_B5/final_report.json,30,8.368122266666667,9.00637,41.378242874145506,41.438568115234375,3097.963950521854,3143.093502619281,3100.989640003127,3153.8580313889406,53.357944,3239678636.7586017,3172606732.9261456,0.0,0.0,0.958213158502319,0.19146953405017894,0.8553261648745524,0.1593082437275987,4.736702508960574,19.8238847456,0.2057471264367816,4.970689655172413,4672644892.219585,4605457706.05802,0.0,0.0,0.9603303189766251,2.0,6.0,2.0,33.0,38.16375508,0.5862068965517241,15.793103448275863,4778702768.783239,4713634760.125647,0.0,0.0,0.9616082972647182,0.0,0.0,0.0,0.0,21.824758328,0.13793103448275862,1.517241379310346
confirm_r2_b01_o03_cfg_107_B3,profile_confirmation,cfg_107,qualified_sustainable_leader,1,3,B3,4ea62ce23e0e376b955c86c3483ff36171163650a32804c34ce36656bb430f35,qualification.application.v1,measurement.messaging.reproducible.v1,True,48,24,60,8192,2097152,5,2000000,2097152,8388608,50,33554432,15,30,60,True,10,,True,True,valid,True,True,True,True,eligible,True,3014.3645460034704,3012.492708333333,3012.492708333333,385838.6618884442,385599.06666666665,385599.06666666665,0.1869702470173558,messages_attempted,11605055,0.07731395680457354,0,0.0,105.0,166.0,241.0,437.0,108.78083483650695,678.546541,1160508,1160508,0,0,3.333,28.83,0,0,0,0,0,0,False,,1083.095860932049,1217.9144741929078,3.023146676075302,2.6407190363027073,3.023146676075302,/mnt/vast-nhr/projects/nhr_ni_starter_27971/messaging-benchmark-29ffcb4/results/workflows/kafka/kafka_reproducible_standard96s_20260814T163308Z/selected-results/v2/confirm_r2_b01_o03_cfg_107_B3/final_report.json,30,7.975350933333333,8.271171,21.142932001749674,21.15652847290039,3102.3368314067407,3162.2369886562624,3108.0288780582423,3192.56475032166,53.670235,3274357651.8476415,3216169936.589814,0.0,0.0,0.9549228332085583,0.23075627240143332,0.7978637992831544,0.17125806451612896,5.11530465949821,10.0797275288,0.2563218390804598,5.024712643678161,4712303820.783781,4654179950.87624,0.0,0.0,0.9575293107546848,2.0,5.0,2.0,33.0,19.210621448,0.6896551724137931,15.827586206896553,4819673522.180478,4760691244.26388,0.0,0.0,0.9570727867534053,0.0,0.0,0.0,0.0,0.964150944,0.27586206896551724,2.758620689655171
confirm_r2_b02_o01_cfg_061_B5,profile_confirmation,cfg_061,qualified_sustainable_secondary,2,1,B5,9ca443bdd30445529ed238228772de19b3f8ac80cde6c00ad8f479f75130c4cc,qualification.application.v1,measurement.messaging.reproducible.v1,True,48,56,90,8192,524288,20,1000000,2097152,8388608,25,16777216,15,30,60,True,10,,True,True,valid,True,True,True,True,eligible,True,3026.891662578372,3025.2125,3025.2125,387442.1328100316,387227.2,387227.2,0.08874438550011242,messages_attempted,11640173,0.04354714183136821,0,0.0,42.5,81.2,138.0,286.0,46.10721798395302,524.513092,1164020,1164020,0,0,3.33,17.577,0,0,0,0,0,0,False,,1083.095860932049,1217.9144741929078,2.9310436268945312,2.5549692738300953,2.9310436268945312,/mnt/vast-nhr/projects/nhr_ni_starter_27971/messaging-benchmark-29ffcb4/results/workflows/kafka/kafka_reproducible_standard96s_20260814T163308Z/selected-results/v2/confirm_r2_b02_o01_cfg_061_B5/final_report.json,30,7.895138566666666,8.401596,41.31075541178385,41.38041305541992,3109.8489283837475,3151.018008459547,3112.669152866953,3172.96591198448,53.294654,3174601220.500727,3111734059.715816,0.0,0.0,0.9558842784432782,0.2132616487455197,1.4587455197132613,0.19148745519713262,4.832229390681009,19.7069487728,0.20344768145472875,5.256313874022101,4620846154.208347,4558707721.65831,0.0,0.0,0.959387260429966,2.0,11.0,2.0,35.0,38.866039328,0.5862068965517241,15.862068965517242,4726374069.945007,4662892185.410355,0.0,0.0,0.959387260429966,0.0,0.0,0.0,0.0,15.581283736,0.1724137931034483,2.0689655172413812
confirm_r2_b02_o02_cfg_061_B0,profile_confirmation,cfg_061,qualified_sustainable_secondary,2,2,B0,d082de4f4d19f320ebcd87ccbeccf71121251cce04eeae0bc2e939b92dacee3d,qualification.application.v1,measurement.messaging.reproducible.v1,True,48,56,90,8192,524288,20,1000000,2097152,8388608,25,16777216,15,30,60,True,10,,True,True,valid,True,True,True,True,eligible,True,3020.227596754587,3108.2359375,3020.227596754587,386589.13238458714,397854.2,386589.13238458714,2.4725810307037595,messages_attempted,12249184,1.6852293410338461,0,0.0,268.0,4070.0,6710.0,9370.0,869.8966490910587,11995.970185,1224913,1224913,0,0,3.893,18.033,0,0,0,0,0,0,False,,1083.095860932049,1217.9144741929078,2.9973616978374116,2.623149090400893,2.9973616978374116,/mnt/vast-nhr/projects/nhr_ni_starter_27971/messaging-benchmark-29ffcb4/results/workflows/kafka/kafka_reproducible_standard96s_20260814T163308Z/selected-results/v2/confirm_r2_b02_o02_cfg_061_B0/final_report.json,30,3.8917074,4.134457,5.666372299194336,5.676338195800781,3254.7965351330904,3428.885402336196,3255.586756998353,3438.9970257225314,54.840355,3246430048.643959,3194771245.1652083,0.0,0.0,0.9497489857451047,0.8275340501792117,0.720197132616488,0.7175483870967748,5.14488888888889,2.9253207757333333,0.42356656798493425,3.9017550373923098,4771465278.083217,4718977437.77639,0.0,0.0,0.9572681364132517,8.0,4.0,7.0,35.0,5.177251192,0.9655172413793103,9.551724137931036,4886330135.1271105,4835045587.706161,0.0,0.0,0.9431806401815952,0.0,0.0,0.0,0.0,2.01205064,0.7931034482758621,5.655172413793103
confirm_r2_b02_o03_cfg_061_B3,profile_confirmation,cfg_061,qualified_sustainable_secondary,2,3,B3,4ea62ce23e0e376b955c86c3483ff36171163650a32804c34ce36656bb430f35,qualification.application.v1,measurement.messaging.reproducible.v1,True,48,56,90,8192,524288,20,1000000,2097152,8388608,25,16777216,15,30,60,True,10,,True,True,valid,True,True,True,True,eligible,True,3026.995807430092,3026.3473958333334,3026.3473958333334,387455.4633510518,387372.4666666667,387372.4666666667,0.06406816612243818,messages_attempted,11636044,0.031878599198535085,0,0.0,39.9,75.2,122.0,249.0,42.81073909659977,482.506898,1163595,1163595,0,0,4.008,16.762,0,0,0,0,0,0,False,,1083.095860932049,1217.9144741929078,2.9622433927265375,2.7391781368818835,2.9622433927265375,/mnt/vast-nhr/projects/nhr_ni_starter_27971/messaging-benchmark-29ffcb4/results/workflows/kafka/kafka_reproducible_standard96s_20260814T163308Z/selected-results/v2/confirm_r2_b02_o03_cfg_061_B3/final_report.json,30,7.876031133333333,8.422173,21.057638931274415,21.080772399902344,3109.0459435206403,3131.08874950066,3112.0149716081046,3181.901491174874,53.781721,3208393557.7354226,3336084700.301208,0.0,0.0,0.955335369205189,0.20766666666666667,0.8514695340501793,0.16300716845878113,27.99445878136201,11.3980877,0.2465542217681557,4.602922822036711,4652853449.173318,4781182156.011654,0.0,0.0,0.958153074160655,2.0,8.0,1.0699999999999363,36.0,20.774822352,0.6551724137931034,14.10344827586207,4761857801.148564,4888744234.189426,0.0,0.0,0.9579026859402721,0.0,0.0,0.0,0.0,20.778346128,0.27586206896551724,2.8275862068965525
confirm_r2_b03_o01_cfg_094_B5,profile_confirmation,cfg_094,high_record_rate_pressure,3,1,B5,9ca443bdd30445529ed238228772de19b3f8ac80cde6c00ad8f479f75130c4cc,qualification.application.v1,measurement.messaging.reproducible.v1,True,64,56,90,1024,1048576,5,1000000,524288,4194304,25,8388608,15,30,60,True,10,,True,True,valid,True,True,True,True,eligible,True,991.7098487447763,994.8954427083333,991.7098487447763,1015510.8851146509,1018772.9333333333,1015510.8851146509,1.0600433412558867,messages_attempted,30900812,0.42882209992967546,0,0.0,323.0,653.0,728.0,802.0,336.1469072032356,946.819955,3090083,3090083,0,0,3.903,10.759,0,0,0,0,0,0,False,,1083.095860932049,1217.9144741929078,0.9983047564692271,0.8924705918696568,0.9983047564692271,/mnt/vast-nhr/projects/nhr_ni_starter_27971/messaging-benchmark-29ffcb4/results/workflows/kafka/kafka_reproducible_standard96s_20260814T163308Z/selected-results/v2/confirm_r2_b03_o01_cfg_094_B5/final_report.json,30,6.9946394666666665,7.247857,39.34764404296875,41.28244400024414,1076.7988331610836,1115.7434140122184,1080.3311622905085,1117.8810351625461,18.695729,1081259749.680597,1086952851.6295664,0.0,0.0,0.9540210638959539,0.13167025089605736,0.8715412186379929,0.32765591397849464,20.622107526881614,22.3039468344,0.19597701149425287,4.322413793103449,1571406778.6579618,1578126182.1563277,0.0,0.0,0.9574355407436254,1.0,8.0,1.0,33.0,40.406015048,0.5517241379310345,12.862068965517242,1606896160.5327249,1614880088.4715972,0.0,0.0,0.9571928557495298,0.0,0.0,0.0,0.0,33.057519648,0.10344827586206896,1.1379310344827596
confirm_r2_b03_o02_cfg_094_B0,profile_confirmation,cfg_094,high_record_rate_pressure,3,2,B0,d082de4f4d19f320ebcd87ccbeccf71121251cce04eeae0bc2e939b92dacee3d,qualification.application.v1,measurement.messaging.reproducible.v1,True,64,56,90,1024,1048576,5,1000000,524288,4194304,25,8388608,15,30,60,True,10,,True,True,valid,True,True,True,True,eligible,True,1001.8134360317963,1001.4540690104167,1001.4540690104167,1025856.9584965594,1025488.9666666667,1025488.9666666667,1.193949768707235,messages_attempted,31158346,0.37291265511885285,0,0.0,370.0,667.0,740.0,816.0,369.6988789805372,955.171207,3115836,3115836,0,0,3.338,38.778,0,0,0,0,0,0,False,,1083.095860932049,1217.9144741929078,0.9938727852833257,0.8728144903984161,0.9938727852833257,/mnt/vast-nhr/projects/nhr_ni_starter_27971/messaging-benchmark-29ffcb4/results/workflows/kafka/kafka_reproducible_standard96s_20260814T163308Z/selected-results/v2/confirm_r2_b03_o02_cfg_094_B0/final_report.json,30,5.318107766666667,5.502598,5.680724589029948,5.695308685302734,1080.5133224272026,1098.0682108462659,1084.2196137614353,1109.5551178529397,18.572467,1076459500.033377,1063013401.1415378,0.0,0.0,0.9333918993450888,0.8186344086021508,0.8355161290322581,0.1826594982078856,4.156200716845879,2.76815206,0.36954181674827224,3.3718499706315175,1573271032.4839544,1559590751.0872178,0.0,0.0,0.9470819950624553,4.0,5.0,1.0,32.710000000000036,5.101205808,0.8275862068965517,8.448275862068964,1610097733.2269945,1596181484.9292488,0.0,0.0,0.9210862031523539,0.0,0.0,0.0,0.0,2.884209832,0.6896551724137931,4.620689655172414
confirm_r2_b03_o03_cfg_094_B3,profile_confirmation,cfg_094,high_record_rate_pressure,3,3,B3,4ea62ce23e0e376b955c86c3483ff36171163650a32804c34ce36656bb430f35,qualification.application.v1,measurement.messaging.reproducible.v1,True,64,56,90,1024,1048576,5,1000000,524288,4194304,25,8388608,15,30,60,True,10,,True,True,valid,True,True,True,True,eligible,True,996.8703079523326,997.3699869791667,996.8703079523326,1020795.1953431886,1021306.8666666667,1020795.1953431886,1.2371152154453307,messages_attempted,31040682,0.40831014700233936,0,0.0,334.0,714.0,805.0,893.0,350.0949846302049,1069.786087,3104073,3104073,0,0,3.352,46.53,0,0,0,0,0,0,False,,1083.095860932049,1217.9144741929078,1.0038202840601669,0.8815030719217188,1.0038202840601669,/mnt/vast-nhr/projects/nhr_ni_starter_27971/messaging-benchmark-29ffcb4/results/workflows/kafka/kafka_reproducible_standard96s_20260814T163308Z/selected-results/v2/confirm_r2_b03_o03_cfg_094_B3/final_report.json,30,6.867103966666666,7.17869,20.996689732869466,21.01784896850586,1079.8592034210164,1122.5026300651693,1083.2226840948524,1134.6895077637853,18.618811,1087233594.7852004,1073595350.3389733,0.0,0.0,0.9549680419001944,0.5378745519713264,1.1954695340501797,0.14173118279569902,4.7525806451612915,11.142552731733334,0.2178174397419858,4.710953869182116,1579807428.2946007,1565890336.3132029,0.0,0.0,0.9579915731350717,2.0,8.0,1.0,32.0,19.979138392,0.6206896551724138,15.034482758620689,1615999907.4455113,1601754773.2137704,0.0,0.0,0.9578957985502113,0.0,0.0,0.0,0.0,2.887863024,0.24137931034482757,2.551724137931033
confirm_r2_b04_o01_cfg_101_B3,profile_confirmation,cfg_101,raw_throughput_upper_bound,4,1,B3,4ea62ce23e0e376b955c86c3483ff36171163650a32804c34ce36656bb430f35,qualification.application.v1,measurement.messaging.reproducible.v1,True,40,56,180,16384,524288,40,1000000,1048576,8388608,10,16777216,15,30,60,True,10,,True,True,valid,True,True,True,True,eligible,True,3196.2858117226074,3195.95625,3195.95625,204562.29195024687,204541.2,204541.2,0.10425663602602217,messages_attempted,6144453,0.037059079855680466,0,0.0,45.9,73.3,169.0,343.0,45.447448959272194,732.311389,614445,614445,0,0,3.343,25.456,0,0,0,0,0,0,False,,1083.095860932049,1217.9144741929078,3.162685080142248,2.763563558422147,3.162685080142248,/mnt/vast-nhr/projects/nhr_ni_starter_27971/messaging-benchmark-29ffcb4/results/workflows/kafka/kafka_reproducible_standard96s_20260814T163308Z/selected-results/v2/confirm_r2_b04_o01_cfg_101_B3/final_report.json,30,6.944399733333333,7.656737,21.07148323059082,21.094528198242188,3268.6255820801453,3303.4437848578664,3273.3945191988173,3299.051769676772,56.501991,3425491119.7336144,3365784058.1543903,0.0,0.0,0.9586546718767923,0.18684946236559163,1.6141218637992831,0.11086021505376346,4.009086021505377,11.107281656533333,0.2275862068965517,4.535632183908046,4940851861.7219305,4876418898.907332,0.0,0.0,0.9622276785761906,2.0,10.0,1.0,31.0,20.119462136,0.6206896551724138,14.517241379310345,5055699430.494984,4997877379.275027,0.0,0.0,0.9622276785761906,0.0,0.0,0.0,0.0,5.005059336,0.27586206896551724,3.068965517241378
confirm_r2_b04_o02_cfg_101_B5,profile_confirmation,cfg_101,raw_throughput_upper_bound,4,2,B5,9ca443bdd30445529ed238228772de19b3f8ac80cde6c00ad8f479f75130c4cc,qualification.application.v1,measurement.messaging.reproducible.v1,True,40,56,180,16384,524288,40,1000000,1048576,8388608,10,16777216,15,30,60,True,10,,True,True,valid,True,True,True,True,eligible,True,3192.8883108022387,3190.5328125,3190.5328125,204344.85189134328,204194.1,204194.1,0.11226526076869202,messages_attempted,6138141,0.03802864300087094,0,0.0,45.6,72.7,131.0,290.0,44.161976927537836,532.435719,613810,613810,0,0,3.327,26.775,0,0,0,0,0,0,False,,1083.095860932049,1217.9144741929078,3.131750632134673,2.728063804202593,3.131750632134673,/mnt/vast-nhr/projects/nhr_ni_starter_27971/messaging-benchmark-29ffcb4/results/workflows/kafka/kafka_reproducible_standard96s_20260814T163308Z/selected-results/v2/confirm_r2_b04_o02_cfg_101_B5/final_report.json,30,7.145522466666667,7.577195,41.22981516520182,41.352943420410156,3264.7594613824554,3305.8204258736764,3270.338889777887,3424.94582939488,56.646168,3391986147.136392,3322548393.6601048,0.0,0.0,0.9598777110510011,0.13489605734767005,1.408878136200717,0.10929749103942629,3.8951039426523324,22.1598391768,0.20115279545463555,5.081126468500831,4907512812.306772,4835950278.6271,0.0,0.0,0.9628571601416325,1.0,8.0,1.0,29.0,39.873617992,0.5862068965517241,15.724137931034484,5017017318.3338785,4948200179.871153,0.0,0.0,0.9644763306472283,0.0,0.0,0.0,0.0,37.760805552,0.13793103448275862,1.7931034482758637
confirm_r2_b04_o03_cfg_101_B0,profile_confirmation,cfg_101,raw_throughput_upper_bound,4,3,B0,d082de4f4d19f320ebcd87ccbeccf71121251cce04eeae0bc2e939b92dacee3d,qualification.application.v1,measurement.messaging.reproducible.v1,True,40,56,180,16384,524288,40,1000000,1048576,8388608,10,16777216,15,30,60,True,10,,True,True,valid,True,True,True,True,eligible,False,2969.246370184073,3074.952083333333,2969.246370184073,190031.76769178067,196796.93333333332,190031.76769178067,9.002349326994525,messages_attempted,6492072,4.1630582408979535,0,0.0,1240.0,6960.0,9900.0,13400.0,2110.884091180665,19326.129415,649207,649207,0,0,4.124,5.556,0,0,0,0,0,0,False,,1083.095860932049,1217.9144741929078,3.0969833235760262,2.785050095758694,3.0969833235760262,/mnt/vast-nhr/projects/nhr_ni_starter_27971/messaging-benchmark-29ffcb4/results/workflows/kafka/kafka_reproducible_standard96s_20260814T163308Z/selected-results/v2/confirm_r2_b04_o03_cfg_101_B0/final_report.json,30,3.8305234333333336,3.941716,5.6618497212727865,5.677864074707031,3298.3033885745367,3394.459487602541,3300.3002481122635,3394.2385193374967,55.290211,3354329819.1407743,3391952822.9768577,0.0,0.0,0.9414881193065003,0.38073835125448036,0.5921935483870968,0.7245268817204307,16.236451612903227,2.6520324242666664,0.41379310344827586,3.642528735632184,4882408443.588705,4920512625.651705,0.0,0.0,0.9440337064023216,1.0,3.0,8.0,33.0,4.700312488,0.9310344827586207,9.000000000000002,4993721219.1615305,5032276674.038598,0.0,0.0,0.9384997343246263,0.0,0.0,0.0,0.0,3.750008568,0.7586206896551724,5.482758620689656
confirm_r2_b05_o01_latency_anchor_B5,profile_confirmation,latency_anchor,fixed_rate_latency_reference,5,1,B5,9ca443bdd30445529ed238228772de19b3f8ac80cde6c00ad8f479f75130c4cc,qualification.application.v1,measurement.messaging.reproducible.v1,True,40,40,120,4096,32768,1,1000000,1048576,1,1,8388608,15,30,60,True,10,285370.6866266942,True,True,valid,True,True,True,True,eligible,True,1107.3524366258735,1109.5095052083334,1107.3524366258735,283482.2237762236,284034.43333333335,283482.2237762236,0.46532234759720703,messages_attempted,8561162,0.1999720479361713,0,0.0,146.0,258.0,317.0,390.0,152.0111644126162,559.198042,856120,856120,0,0,3.326,24.604,0,0,0,0,0,0,False,,1083.095860932049,1217.9144741929078,1.1041334296013061,0.9921689408662094,1.1041334296013061,/mnt/vast-nhr/projects/nhr_ni_starter_27971/messaging-benchmark-29ffcb4/results/workflows/kafka/kafka_reproducible_standard96s_20260814T163308Z/selected-results/v2/confirm_r2_b05_o01_latency_anchor_B5/final_report.json,30,7.6799196,8.006837,38.49251569112142,41.22452163696289,1175.8896758659446,1192.439281957032,1179.0624640415022,1195.9268497724352,20.072167,1195882347.5178823,1208376913.9256036,0.0,0.0,0.9585815112569467,0.15053763440860216,0.7501827956989247,0.12258064516129039,14.708415770609317,21.424625461333335,0.18735632183908046,4.118390804597701,1730132312.977655,1742818086.289042,0.0,0.0,0.9616241554123972,1.0,4.0,1.0,29.0,38.492681784,0.5172413793103449,12.344827586206897,1769384585.6908498,1782024834.7029176,0.0,0.0,0.9616241554123972,0.0,0.0,0.0,0.0,34.90523892,0.10344827586206896,1.1379310344827596
confirm_r2_b05_o02_latency_anchor_B3,profile_confirmation,latency_anchor,fixed_rate_latency_reference,5,2,B3,4ea62ce23e0e376b955c86c3483ff36171163650a32804c34ce36656bb430f35,qualification.application.v1,measurement.messaging.reproducible.v1,True,40,40,120,4096,32768,1,1000000,1048576,1,1,8388608,15,30,60,True,10,285370.6866266942,True,True,valid,True,True,True,True,eligible,True,1107.795693937584,1108.8013020833334,1107.795693937584,283595.6976480215,283853.13333333336,283595.6976480215,0.528327998580566,messages_attempted,8561159,0.18787845293991268,0,0.0,146.0,263.0,330.0,419.0,155.57554328404896,703.758878,856120,856120,0,0,3.325,18.666,0,0,0,0,0,0,False,,1083.095860932049,1217.9144741929078,1.1002569217897382,0.9614532600223575,1.1002569217897382,/mnt/vast-nhr/projects/nhr_ni_starter_27971/messaging-benchmark-29ffcb4/results/workflows/kafka/kafka_reproducible_standard96s_20260814T163308Z/selected-results/v2/confirm_r2_b05_o02_latency_anchor_B3/final_report.json,30,6.8127417333333335,7.10164,20.961909612019856,20.992008209228516,1170.4790846716364,1195.9760595013952,1173.282202361434,1198.2945715980807,20.075561,1191683717.9523025,1170967841.6411867,0.0,0.0,0.9556504371618145,0.20792114695340516,1.046724014336918,0.12518279569892482,3.161716845878136,10.762920917066667,0.21264367816091953,4.655172413793104,1724028211.4144034,1703209746.4789827,0.0,0.0,0.9597043069737529,2.0,8.0,1.0,28.0,20.21574776,0.6206896551724138,15.241379310344827,1763296855.317444,1742486971.6387491,0.0,0.0,0.9595921391720867,0.0,0.0,0.0,0.0,15.638803568,0.20689655172413793,2.0689655172413812
confirm_r2_b05_o03_latency_anchor_B0,profile_confirmation,latency_anchor,fixed_rate_latency_reference,5,3,B0,d082de4f4d19f320ebcd87ccbeccf71121251cce04eeae0bc2e939b92dacee3d,qualification.application.v1,measurement.messaging.reproducible.v1,True,40,40,120,4096,32768,1,1000000,1048576,1,1,8388608,15,30,60,True,10,285370.6866266942,True,True,valid,True,True,True,True,eligible,True,1107.8005548982155,1108.0380208333333,1107.8005548982155,283596.9420539432,283657.73333333334,283596.9420539432,0.5994049636048024,messages_attempted,8561157,0.18774395296350121,0,0.0,151.0,342.0,523.0,812.0,177.4818625088469,2151.444368,856120,856120,0,0,3.328,107.827,0,0,0,0,0,0,False,,1083.095860932049,1217.9144741929078,1.0841652429626658,0.9435904991200753,1.0841652429626658,/mnt/vast-nhr/projects/nhr_ni_starter_27971/messaging-benchmark-29ffcb4/results/workflows/kafka/kafka_reproducible_standard96s_20260814T163308Z/selected-results/v2/confirm_r2_b05_o03_latency_anchor_B0/final_report.json,30,5.079201433333334,5.217191,5.653181330362956,5.678981781005859,1167.0901611841662,1181.9052240469703,1169.159143149815,1184.2314780072766,19.934594,1174254887.2192526,1149212526.58925,0.0,0.0,0.9421811436747223,0.6170967741935484,0.7291648745519712,0.04721863799283144,3.032275985663082,2.6151917488,0.34770114942528735,3.175862068965517,1707331881.301341,1683048484.1319523,0.0,0.0,0.955258196525877,3.0,4.389999999999986,0.0,25.739999999999952,4.932966344,0.7586206896551724,7.8965517241379315,1747790242.301684,1723125915.2418118,0.0,0.0,0.9317565075039399,0.0,0.0,0.0,0.0,3.619686008,0.6551724137931034,4.172413793103448
confirm_r3_b06_o01_cfg_107_B3,profile_confirmation,cfg_107,qualified_sustainable_leader,6,1,B3,4ea62ce23e0e376b955c86c3483ff36171163650a32804c34ce36656bb430f35,qualification.application.v1,measurement.messaging.reproducible.v1,True,48,24,60,8192,2097152,5,2000000,2097152,8388608,50,33554432,15,30,60,True,10,,True,True,valid,True,True,True,True,eligible,True,3004.989765763781,2998.4158854166667,2998.4158854166667,384638.690017764,383797.23333333334,383797.23333333334,0.3023568204623161,messages_attempted,11569443,0.07868109503760934,0,0.0,99.5,149.0,188.0,303.0,101.64651875336402,528.183045,1156948,1156948,0,0,3.328,6.64,0,0,0,0,0,0,False,,1083.095860932049,1217.9144741929078,2.9163751914234193,2.5922293469651594,2.9163751914234193,/mnt/vast-nhr/projects/nhr_ni_starter_27971/messaging-benchmark-29ffcb4/results/workflows/kafka/kafka_reproducible_standard96s_20260814T163308Z/selected-results/v2/confirm_r3_b06_o01_cfg_107_B3/final_report.json,30,8.301366033333332,8.670416,21.154240290323894,21.170997619628906,3094.4329191540533,3136.9539087187813,3096.065216318172,3139.3073691961745,52.842402,3158713898.755617,3157113642.096497,0.0,0.0,0.9575832366635698,0.20877060931899585,1.0002007168458786,0.11273118279569908,4.828405017921149,10.889922133866666,0.2471264367816092,4.693678160919541,4589234172.916378,4588374188.164166,0.0,0.0,0.9598485803723484,2.0,8.0,1.0,32.0,19.793213504,0.6551724137931034,14.793103448275863,4694343263.611109,4693752887.008172,0.0,0.0,0.9598485803723484,0.0,0.0,0.0,0.0,17.318246832,0.3103448275862069,3.0344827586206886
confirm_r3_b06_o02_cfg_107_B0,profile_confirmation,cfg_107,qualified_sustainable_leader,6,2,B0,d082de4f4d19f320ebcd87ccbeccf71121251cce04eeae0bc2e939b92dacee3d,qualification.application.v1,measurement.messaging.reproducible.v1,True,48,24,60,8192,2097152,5,2000000,2097152,8388608,50,33554432,15,30,60,True,10,,True,True,valid,True,True,True,True,eligible,True,3120.9725545451474,3163.1169270833334,3120.9725545451474,399484.4869817789,404878.9666666667,399484.4869817789,1.1801767291578737,messages_attempted,12308665,0.8113319971598685,0,0.0,199.0,1130.0,2390.0,4300.0,348.4622833795493,8966.342389,1230865,1230865,0,0,3.96,0.64,0,0,0,0,0,0,False,,1083.095860932049,1217.9144741929078,3.1456930814618964,2.797721521267786,3.1456930814618964,/mnt/vast-nhr/projects/nhr_ni_starter_27971/messaging-benchmark-29ffcb4/results/workflows/kafka/kafka_reproducible_standard96s_20260814T163308Z/selected-results/v2/confirm_r3_b06_o02_cfg_107_B0/final_report.json,30,3.7385721666666667,4.093724,5.6981245676676435,5.7196197509765625,3291.451841773189,3465.478404675351,3291.7535463728436,3470.6445384952735,55.531409,3407087156.293963,3407385535.5130377,0.0,0.0,0.9421344380459138,0.3816953405017924,0.6922795698924731,0.8770394265232978,5.893207885304662,2.9648742424,0.41494252873563214,3.6908045977011494,4921566960.025221,4921882074.485041,0.0,0.0,0.946556468680696,1.3100000000000023,4.0,8.0,32.0,5.175093792,0.9310344827586207,9.137931034482758,5031066171.430595,5031736893.35112,0.0,0.0,0.9373234455330137,0.0,0.0,0.0,0.0,2.511346336,0.7931034482758621,5.586206896551723
confirm_r3_b06_o03_cfg_107_B5,profile_confirmation,cfg_107,qualified_sustainable_leader,6,3,B5,9ca443bdd30445529ed238228772de19b3f8ac80cde6c00ad8f479f75130c4cc,qualification.application.v1,measurement.messaging.reproducible.v1,True,48,24,60,8192,2097152,5,2000000,2097152,8388608,50,33554432,15,30,60,True,10,,True,True,valid,True,True,True,True,eligible,True,3000.214719460274,2997.473177083333,2997.473177083333,384027.48409091507,383676.56666666665,383676.56666666665,0.19633769702835607,messages_attempted,11546942,0.06798215117305517,0,0.0,99.1,150.0,213.0,396.0,102.07187065225969,820.681179,1154695,1154695,0,0,3.347,5.229,0,0,0,0,0,0,False,,1083.095860932049,1217.9144741929078,2.9513522744437903,2.582451852577106,2.9513522744437903,/mnt/vast-nhr/projects/nhr_ni_starter_27971/messaging-benchmark-29ffcb4/results/workflows/kafka/kafka_reproducible_standard96s_20260814T163308Z/selected-results/v2/confirm_r3_b06_o03_cfg_107_B5/final_report.json,30,8.246822466666666,8.589752,41.38085492451986,41.44043731689453,3089.985718059358,3169.676957310548,3091.563437052997,3165.1398415809276,52.684993,3196597432.602458,3145205490.159947,0.0,0.0,0.9564729869297282,0.19882437275985623,0.9478172043010752,0.1280501792114696,5.015928315412188,21.567980975466664,0.19942528735632184,4.605172413793103,4630710069.892477,4579804714.130179,0.0,0.0,0.958929253602763,2.0,7.0,1.0,33.0,40.208729672,0.5862068965517241,14.448275862068964,4732282943.600994,4680125399.836836,0.0,0.0,0.958929253602763,0.0,0.0,0.0,0.0,31.053818568,0.13793103448275862,1.4482758620689666
confirm_r3_b07_o01_cfg_061_B0,profile_confirmation,cfg_061,qualified_sustainable_secondary,7,1,B0,d082de4f4d19f320ebcd87ccbeccf71121251cce04eeae0bc2e939b92dacee3d,qualification.application.v1,measurement.messaging.reproducible.v1,True,48,56,90,8192,524288,20,1000000,2097152,8388608,25,16777216,15,30,60,True,10,,True,True,valid,True,True,True,True,eligible,True,3015.918788744129,3126.942447916667,3015.918788744129,386037.6049592485,400248.63333333336,386037.6049592485,2.3077107424622336,messages_attempted,12309515,1.8867972609587014,0,0.0,313.0,4080.0,7090.0,10400.0,889.2120288511783,15982.482182,1230956,1230956,0,0,3.329,4.844,0,0,0,0,0,0,False,,1083.095860932049,1217.9144741929078,3.0598058333977094,2.677202386309022,3.0598058333977094,/mnt/vast-nhr/projects/nhr_ni_starter_27971/messaging-benchmark-29ffcb4/results/workflows/kafka/kafka_reproducible_standard96s_20260814T163308Z/selected-results/v2/confirm_r3_b07_o01_cfg_061_B0/final_report.json,30,4.0359469,5.133008,5.66357053120931,5.673099517822266,3278.3798112414233,3437.2679771458656,3280.537929960226,3430.8864617957993,55.41786,3314063033.4087977,3260603536.6295505,0.0,0.0,0.9413982677063257,0.8316845878136204,0.763498207885305,0.7666594982078855,5.234154121863801,2.9047709504,0.42011494252873566,3.7660919540229885,4852108744.811811,4797856198.717982,0.0,0.0,0.9447933507533393,10.0,5.0,8.0,33.0,5.227823552,0.9655172413793103,9.241379310344827,4965646688.354935,4913064144.267725,0.0,0.0,0.9380469814763789,0.0,0.0,0.0,0.0,3.411928712,0.7586206896551724,5.517241379310343
confirm_r3_b07_o02_cfg_061_B5,profile_confirmation,cfg_061,qualified_sustainable_secondary,7,2,B5,9ca443bdd30445529ed238228772de19b3f8ac80cde6c00ad8f479f75130c4cc,qualification.application.v1,measurement.messaging.reproducible.v1,True,48,56,90,8192,524288,20,1000000,2097152,8388608,25,16777216,15,30,60,True,10,,True,True,valid,True,True,True,True,eligible,True,3030.370390620574,3029.190885416667,3029.190885416667,387887.4099994335,387736.43333333335,387736.43333333335,0.05951266247596546,messages_attempted,11646261,0.024814607109874487,0,0.0,39.8,77.5,136.0,248.0,43.23143831976532,495.570281,1164626,1164626,0,0,3.337,31.35,0,0,0,0,0,0,False,,1083.095860932049,1217.9144741929078,2.947120157602889,2.63329953793466,2.947120157602889,/mnt/vast-nhr/projects/nhr_ni_starter_27971/messaging-benchmark-29ffcb4/results/workflows/kafka/kafka_reproducible_standard96s_20260814T163308Z/selected-results/v2/confirm_r3_b07_o02_cfg_061_B5/final_report.json,30,7.905527166666667,8.385298,41.279995346069335,41.36058044433594,3112.2965265437715,3155.5500895544615,3115.061599141066,3234.8492077478286,53.426844,3192013644.3690968,3207133622.1361184,0.0,0.0,0.9574507957525447,0.23655913978494625,1.6008781362007192,0.1838996415770609,5.507637992831548,19.228675543199998,0.1954022988505747,4.73103448275862,4633372261.415846,4648955066.204643,0.0,0.0,0.9601122247409377,2.0,12.0,2.0,36.0,38.697257904,0.5517241379310345,14.655172413793103,4738850782.308491,4755005215.760746,0.0,0.0,0.9601122247409377,0.0,0.0,0.0,0.0,14.54101344,0.1724137931034483,2.103448275862069
confirm_r3_b07_o03_cfg_061_B3,profile_confirmation,cfg_061,qualified_sustainable_secondary,7,3,B3,4ea62ce23e0e376b955c86c3483ff36171163650a32804c34ce36656bb430f35,qualification.application.v1,measurement.messaging.reproducible.v1,True,48,56,90,8192,524288,20,1000000,2097152,8388608,25,16777216,15,30,60,True,10,,True,True,valid,True,True,True,True,eligible,True,3024.833381854311,3023.120052083333,3023.120052083333,387178.6728773518,386959.36666666664,386959.36666666664,0.06854109222969876,messages_attempted,11626602,0.028931583045050502,0,0.0,38.7,67.8,103.0,175.0,40.61119033774477,456.371977,1162659,1162659,0,0,3.954,14.359,0,0,0,0,0,0,False,,1083.095860932049,1217.9144741929078,2.958273682752328,2.743908095034904,2.958273682752328,/mnt/vast-nhr/projects/nhr_ni_starter_27971/messaging-benchmark-29ffcb4/results/workflows/kafka/kafka_reproducible_standard96s_20260814T163308Z/selected-results/v2/confirm_r3_b07_o03_cfg_061_B3/final_report.json,30,7.843260433333333,8.395256,21.03658192952474,21.054786682128906,3106.8281496038785,3159.704372373803,3110.228859249839,3187.1580531769573,53.587596,3204093981.293256,3341845384.7980986,0.0,0.0,0.953674148003042,0.2761971326164876,0.7654014336917564,0.2346917562724018,27.75004659498208,10.7930663552,0.24942528735632186,4.698275862068966,4644092224.567376,4782466352.859263,0.0,0.0,0.9572575997967646,2.0,6.0,2.0,36.0,19.77202576,0.6896551724137931,14.82758620689655,4752525974.026718,4890740467.358562,0.0,0.0,0.9569547058759509,0.0,0.0,0.0,0.0,19.77202576,0.27586206896551724,2.551724137931037
confirm_r3_b08_o01_cfg_094_B0,profile_confirmation,cfg_094,high_record_rate_pressure,8,1,B0,d082de4f4d19f320ebcd87ccbeccf71121251cce04eeae0bc2e939b92dacee3d,qualification.application.v1,measurement.messaging.reproducible.v1,True,64,56,90,1024,1048576,5,1000000,524288,4194304,25,8388608,15,30,60,True,10,,True,True,valid,True,True,True,True,eligible,True,995.3669402274055,996.3577799479167,995.3669402274055,1019255.7467928632,1020270.3666666667,1019255.7467928632,1.0361734965813045,messages_attempted,30942212,0.3576303329318762,0,0.0,340.0,610.0,683.0,761.0,339.8671154001548,947.047655,3094223,3094223,0,0,3.769,8.603,0,0,0,0,0,0,False,,1083.095860932049,1217.9144741929078,1.0046634715036338,0.902969359010726,1.0046634715036338,/mnt/vast-nhr/projects/nhr_ni_starter_27971/messaging-benchmark-29ffcb4/results/workflows/kafka/kafka_reproducible_standard96s_20260814T163308Z/selected-results/v2/confirm_r3_b08_o01_cfg_094_B0/final_report.json,30,5.274486733333333,5.440731,5.683276240030924,5.703731536865234,1074.9844392692032,1098.4788323358573,1078.674751726282,1106.8783522847527,18.530706,1088146847.6152093,1099739452.0918553,0.0,0.0,0.9316688278607336,0.24402150537634357,0.5727598566308244,0.22085304659498217,27.16817562724014,2.6716151736000002,0.39425287356321836,3.425287356321839,1580787940.8712363,1591948047.393644,0.0,0.0,0.9462932022019209,1.0,4.0,2.0,32.0,5.010467312,0.896551724137931,8.724137931034482,1617436562.0909762,1628512374.4573715,0.0,0.0,0.9206321117339306,0.0,0.0,0.0,0.0,0.252497696,0.7241379310344828,4.586206896551724
confirm_r3_b08_o02_cfg_094_B3,profile_confirmation,cfg_094,high_record_rate_pressure,8,2,B3,4ea62ce23e0e376b955c86c3483ff36171163650a32804c34ce36656bb430f35,qualification.application.v1,measurement.messaging.reproducible.v1,True,64,56,90,1024,1048576,5,1000000,524288,4194304,25,8388608,15,30,60,True,10,,True,True,valid,True,True,True,True,eligible,True,991.0757962648235,992.2044596354167,991.0757962648235,1014861.6153751792,1016017.3666666667,1014861.6153751792,1.1418928132610622,messages_attempted,30844226,0.3924795500934124,0,0.0,318.0,671.0,756.0,839.0,332.01843140572925,1004.563845,3084429,3084429,0,0,4.011,0.497,0,0,0,0,0,0,False,,1083.095860932049,1217.9144741929078,0.9947979581678056,0.9196897727319318,0.9947979581678056,/mnt/vast-nhr/projects/nhr_ni_starter_27971/messaging-benchmark-29ffcb4/results/workflows/kafka/kafka_reproducible_standard96s_20260814T163308Z/selected-results/v2/confirm_r3_b08_o02_cfg_094_B3/final_report.json,30,7.0396434,7.272845,20.979784138997395,20.996719360351562,1074.0133382822062,1104.445733588809,1077.6378660275836,1110.1652796187773,18.610054,1077461550.9552038,1120103485.9774055,0.0,0.0,0.9577271439714583,0.17637634408602157,0.8804982078853048,0.15599999999999992,20.568462365591397,9.996016473066668,0.21666666666666667,4.18448275862069,1567153442.1387131,1610704619.4800866,0.0,0.0,0.9610747186237667,1.0,8.0,1.0,33.0,18.638527744,0.5862068965517241,13.310344827586208,1603756435.6220658,1647013358.0144258,0.0,0.0,0.9610747186237667,0.0,0.0,0.0,0.0,10.641281864,0.24137931034482757,2.3793103448275867
confirm_r3_b08_o03_cfg_094_B5,profile_confirmation,cfg_094,high_record_rate_pressure,8,3,B5,9ca443bdd30445529ed238228772de19b3f8ac80cde6c00ad8f479f75130c4cc,qualification.application.v1,measurement.messaging.reproducible.v1,True,64,56,90,1024,1048576,5,1000000,524288,4194304,25,8388608,15,30,60,True,10,,True,True,valid,True,True,True,True,eligible,True,994.4447355877307,997.05810546875,994.4447355877307,1018311.4092418363,1020987.5,1018311.4092418363,1.0684171204281767,messages_attempted,30969646,0.4126981571316719,0,0.0,323.0,681.0,765.0,845.0,338.1591270427225,996.49946,3096963,3096963,0,0,3.333,3.569,0,0,0,0,0,0,False,,1083.095860932049,1217.9144741929078,1.0103099551480428,0.8786343363189529,1.0103099551480428,/mnt/vast-nhr/projects/nhr_ni_starter_27971/messaging-benchmark-29ffcb4/results/workflows/kafka/kafka_reproducible_standard96s_20260814T163308Z/selected-results/v2/confirm_r3_b08_o03_cfg_094_B5/final_report.json,30,6.957666766666667,7.190057,40.65040626525879,41.289581298828125,1077.411967102723,1112.1748488797627,1080.6944001105155,1108.17626396723,18.409867,1094262530.679289,1070101475.7257321,0.0,0.0,0.957384417375314,0.15509318996415775,1.427516129032261,0.12927598566308254,4.450591397849465,21.6822086952,0.18735632183908046,4.893103448275863,1585870682.7042708,1561142733.2233257,0.0,0.0,0.960541368092865,1.0,8.0,1.0,33.55000000000001,41.045707968,0.5517241379310345,15.482758620689655,1622209627.335877,1598330867.6103978,0.0,0.0,0.960541368092865,0.0,0.0,0.0,0.0,9.774460928,0.13793103448275862,1.6206896551724153
confirm_r3_b09_o01_cfg_101_B0,profile_confirmation,cfg_101,raw_throughput_upper_bound,9,1,B0,d082de4f4d19f320ebcd87ccbeccf71121251cce04eeae0bc2e939b92dacee3d,qualification.application.v1,measurement.messaging.reproducible.v1,True,40,56,180,16384,524288,40,1000000,1048576,8388608,10,16777216,15,30,60,True,10,,True,True,valid,True,True,True,True,eligible,False,2964.4074936973316,3096.646875,2964.4074936973316,189722.07959662922,198185.4,189722.07959662922,8.543384249425303,messages_attempted,6504296,4.280598463956267,0,0.0,1340.0,6320.0,9590.0,13300.0,2042.7855842551971,21163.841033,650427,650427,0,0,3.318,0.862,0,0,0,0,0,0,False,,1083.095860932049,1217.9144741929078,3.071793803110743,2.785970505298436,3.071793803110743,/mnt/vast-nhr/projects/nhr_ni_starter_27971/messaging-benchmark-29ffcb4/results/workflows/kafka/kafka_reproducible_standard96s_20260814T163308Z/selected-results/v2/confirm_r3_b09_o01_cfg_101_B0/final_report.json,30,3.633946733333333,3.929191,5.660840479532878,5.6656494140625,3301.3977212408886,3417.8146962565625,3303.260291540627,3408.5457255835913,56.265912,3327047153.7859626,3393073803.077494,0.0,0.0,0.9586997272693317,0.650010752688172,0.7110179211469533,0.7367634408602145,28.09485304659498,2.6590027306666664,0.3879310344827586,3.521264367816092,4870180099.7886915,4936276885.253084,0.0,0.0,0.9636865267684848,6.0,4.0,7.710000000000036,33.710000000000036,4.730030144,0.8620689655172413,8.379310344827585,4982979177.291163,5049075998.304718,0.0,0.0,0.9537912765939008,0.0,0.0,0.0,0.0,3.094345904,0.7586206896551724,5.310344827586207
confirm_r3_b09_o02_cfg_101_B3,profile_confirmation,cfg_101,raw_throughput_upper_bound,9,2,B3,4ea62ce23e0e376b955c86c3483ff36171163650a32804c34ce36656bb430f35,qualification.application.v1,measurement.messaging.reproducible.v1,True,40,56,180,16384,524288,40,1000000,1048576,8388608,10,16777216,15,30,60,True,10,,True,True,valid,True,True,True,True,eligible,True,3192.9313052024213,3193.4119791666667,3192.9313052024213,204347.60353295496,204378.36666666667,204347.60353295496,0.11419775709154878,messages_attempted,6139350,0.043624544981867075,0,0.0,45.5,67.4,120.0,213.0,43.18010555641141,519.215656,613936,613936,0,0,3.93,8.671,0,0,0,0,0,0,False,,1083.095860932049,1217.9144741929078,3.093759581806542,2.6998306923613242,3.093759581806542,/mnt/vast-nhr/projects/nhr_ni_starter_27971/messaging-benchmark-29ffcb4/results/workflows/kafka/kafka_reproducible_standard96s_20260814T163308Z/selected-results/v2/confirm_r3_b09_o02_cfg_101_B3/final_report.json,29,6.907793379310345,7.198974,21.057991948621027,21.082813262939453,3265.6408261041593,3318.889450125653,3271.4810257733475,3355.051611028919,55.518822,3350838197.773532,3288162878.0971165,0.0,0.0,0.9575253862845998,0.302394265232975,1.3929749103942657,0.2646021505376344,4.523896057347673,10.464071856,0.235055212516475,4.811443014960838,4869466898.29073,4806661925.399289,0.0,0.0,0.9607809600994323,2.0,9.0,1.3100000000000023,32.0,19.933068016,0.6550368889195339,14.862068965517244,4985765632.215509,4921520571.635706,0.0,0.0,0.9627121479255077,0.0,0.0,0.0,0.0,1.887193496,0.27586206896551724,3.1379310344827576
confirm_r3_b09_o03_cfg_101_B5,profile_confirmation,cfg_101,raw_throughput_upper_bound,9,3,B5,9ca443bdd30445529ed238228772de19b3f8ac80cde6c00ad8f479f75130c4cc,qualification.application.v1,measurement.messaging.reproducible.v1,True,40,56,180,16384,524288,40,1000000,1048576,8388608,10,16777216,15,30,60,True,10,,True,True,valid,True,True,True,True,eligible,True,3195.6536250860127,3197.13125,3195.6536250860127,204521.8320055048,204616.4,204521.8320055048,0.17272611692374526,messages_attempted,6150778,0.07383058802224696,0,0.0,53.0,117.0,166.0,270.0,62.0041958062197,604.620195,615078,615078,0,0,3.326,11.344,0,0,0,0,0,0,False,,1083.095860932049,1217.9144741929078,3.122508408306703,2.796991256260663,3.122508408306703,/mnt/vast-nhr/projects/nhr_ni_starter_27971/messaging-benchmark-29ffcb4/results/workflows/kafka/kafka_reproducible_standard96s_20260814T163308Z/selected-results/v2/confirm_r3_b09_o03_cfg_101_B5/final_report.json,30,6.727674066666666,7.113912,41.08350499471029,41.31496810913086,3270.9725035483475,3313.623369147317,3279.685032993112,3326.704100091318,56.551052,3381975932.7625103,3406496135.1908665,0.0,0.0,0.9598537387675261,0.1449605734767027,0.8335340501792113,0.11270967741935489,27.373455197132618,20.747863488533334,0.20632183908045976,4.366666666666666,4904197238.875926,4930829164.939629,0.0,0.0,0.9634301256788051,1.0,5.0,1.0,29.0,39.776134888,0.5862068965517241,13.310344827586208,5020164845.697077,5044258411.782396,0.0,0.0,0.9634301256788051,0.0,0.0,0.0,0.0,29.008260312,0.13793103448275862,1.655172413793103
confirm_r3_b10_o01_latency_anchor_B5,profile_confirmation,latency_anchor,fixed_rate_latency_reference,10,1,B5,9ca443bdd30445529ed238228772de19b3f8ac80cde6c00ad8f479f75130c4cc,qualification.application.v1,measurement.messaging.reproducible.v1,True,40,40,120,4096,32768,1,1000000,1048576,1,1,8388608,15,30,60,True,10,285370.6866266942,True,True,valid,True,True,True,True,eligible,True,1106.842782348395,1109.5873697916666,1106.842782348395,283351.75228118914,284054.36666666664,283351.75228118914,0.4586060767466091,messages_attempted,8561160,0.2138714420143515,0,0.0,146.0,263.0,327.0,412.0,154.9566740528606,735.354114,856120,856120,0,0,3.356,5.709,0,0,0,0,0,0,False,,1083.095860932049,1217.9144741929078,1.1015176957704849,1.0327583904268036,1.1015176957704849,/mnt/vast-nhr/projects/nhr_ni_starter_27971/messaging-benchmark-29ffcb4/results/workflows/kafka/kafka_reproducible_standard96s_20260814T163308Z/selected-results/v2/confirm_r3_b10_o01_latency_anchor_B5/final_report.json,30,6.9261637333333335,7.276765,40.489319483439125,41.262535095214844,1171.2850892775893,1194.5815707289983,1174.221545834486,1196.9531042364283,20.014457,1193049257.03242,1257811392.0449743,0.0,0.0,0.957130927794942,0.18448387096774194,0.9164336917562723,0.10855555555555556,33.35343369175627,21.926435952533332,0.18160919540229883,4.317241379310345,1726727253.6300013,1790228216.8898973,0.0,0.0,0.9599068276878103,1.0,6.849999999999994,1.0,28.0,38.998474064,0.5517241379310345,14.0,1758127688.0656877,1829939354.7674396,0.0,0.0,0.9618108655467851,0.0,0.0,0.0,0.0,41.317055672,0.10344827586206896,1.3103448275862062
confirm_r3_b10_o02_latency_anchor_B3,profile_confirmation,latency_anchor,fixed_rate_latency_reference,10,2,B3,4ea62ce23e0e376b955c86c3483ff36171163650a32804c34ce36656bb430f35,qualification.application.v1,measurement.messaging.reproducible.v1,True,40,40,120,4096,32768,1,1000000,1048576,1,1,8388608,15,30,60,True,10,285370.6866266942,True,True,valid,True,True,True,True,eligible,True,1107.6178604115755,1108.7571614583333,1107.6178604115755,283550.17226536333,283841.8333333333,283550.17226536333,0.5328367961436993,messages_attempted,8561158,0.19266585307195783,0,0.0,146.0,262.0,324.0,401.0,154.19382809853408,649.943348,856120,856120,0,0,3.331,18.275,0,0,0,0,0,0,False,,1083.095860932049,1217.9144741929078,1.108042872118241,0.9666133396823966,1.108042872118241,/mnt/vast-nhr/projects/nhr_ni_starter_27971/messaging-benchmark-29ffcb4/results/workflows/kafka/kafka_reproducible_standard96s_20260814T163308Z/selected-results/v2/confirm_r3_b10_o02_latency_anchor_B3/final_report.json,30,7.2517445,7.66255,20.964048512776692,20.992137908935547,1173.9380529685052,1189.293178098811,1176.9318110423803,1192.7852837713433,19.849628,1200116648.5265265,1177252377.3471367,0.0,0.0,0.9698106039926255,0.46072401433691756,1.5263225806451608,0.11827956989247312,3.823602150537635,10.488792442933335,0.20862068965517241,4.2890804597701155,1734761619.3807988,1712149509.3918376,0.0,0.0,0.9709135309300936,2.0,9.0,1.0,31.0,19.308347912,0.5862068965517241,13.448275862068966,1774344630.6388881,1751860707.5765731,0.0,0.0,0.9709135309300936,0.0,0.0,0.0,0.0,1.427745504,0.20689655172413793,2.310344827586207
confirm_r3_b10_o03_latency_anchor_B0,profile_confirmation,latency_anchor,fixed_rate_latency_reference,10,3,B0,d082de4f4d19f320ebcd87ccbeccf71121251cce04eeae0bc2e939b92dacee3d,qualification.application.v1,measurement.messaging.reproducible.v1,True,40,40,120,4096,32768,1,1000000,1048576,1,1,8388608,15,30,60,True,10,285370.6866266942,True,True,valid,True,True,True,True,eligible,True,1106.743876784791,1107.8328125,1106.743876784791,283326.4324569065,283605.2,283326.4324569065,0.6171003769579104,messages_attempted,8561168,0.2165842829272151,0,0.0,166.0,533.0,948.0,1660.0,221.4113548226452,3805.802325,856120,856120,0,0,3.359,59.582,0,0,0,0,0,0,False,,1083.095860932049,1217.9144741929078,1.0741957998907339,0.9529189584758325,1.0741957998907339,/mnt/vast-nhr/projects/nhr_ni_starter_27971/messaging-benchmark-29ffcb4/results/workflows/kafka/kafka_reproducible_standard96s_20260814T163308Z/selected-results/v2/confirm_r3_b10_o03_latency_anchor_B0/final_report.json,30,4.923475533333333,5.1384,5.676992670694987,5.690387725830078,1167.218072271095,1183.7246179011297,1169.0080573757034,1185.7562064767208,19.963485,1163457024.6922452,1160573792.260547,0.0,0.0,0.941697721048475,0.4679139784946235,0.7035197132616485,0.0747670250896057,2.8570035842293904,2.578394094133333,0.34827586206896555,3.3517241379310345,1696302127.9423327,1693355881.0504317,0.0,0.0,0.94984226694791,3.0,4.0,1.0,22.94999999999996,4.840630784,0.8275862068965517,8.793103448275863,1735948428.2859054,1732879529.9250827,0.0,0.0,0.9341586839239432,0.0,0.0,0.0,0.0,1.5418276,0.5862068965517241,3.8965517241379306
final_b01_o01_cfg_007_B0,final_validation,cfg_007,"final_validation:controlled_one_factor,qualification_rank_fill",1,1,B0,32c451e6fd99de3f7e39735a00dec9a87f4809a0f51adf66bd1d4c46177c81fd,qualification.application.v1,measurement.messaging.reproducible.v1,True,64,40,120,4096,1048576,20,1000000,1048576,1048576,50,8388608,15,30,60,True,10,,True,True,valid,True,True,True,True,eligible,True,2927.109822981875,2937.8162760416667,2927.109822981875,749340.11468336,752080.9666666667,749340.11468336,1.469486517948419,messages_attempted,22905416,0.5674168490222655,0,0.0,297.0,1610.0,2890.0,4830.0,497.1467837693383,8650.8687,2290545,2290545,0,0,3.493,84.89,0,0,0,0,0,0,False,,1266.791377402984,1246.0157319433388,2.4429044854849806,2.475730241036937,2.475730241036937,/mnt/vast-nhr/projects/nhr_ni_starter_27971/messaging-benchmark-29ffcb4/results/workflows/kafka/kafka_reproducible_standard96s_20260814T163308Z/selected-results/v2/final_b01_o01_cfg_007_B0/final_report.json,30,4.615115533333333,9.630702,5.702614974975586,5.730125427246094,3052.4378098623683,3133.2505236518887,3055.55881700329,3136.3223233246413,52.961364,3094650338.0314465,3084798828.3798976,0.0,0.0,0.9430908753194698,0.4882831541218636,0.8208458781361997,0.4314444444444445,4.264060931899641,2.7006007965333336,0.3925287356321839,3.916091954022989,4520738552.741231,4511817089.595014,0.0,0.0,0.9486788301326334,3.0,6.0,4.0,33.0,5.1714552,0.8620689655172413,9.482758620689655,4624911376.4906,4616239555.671755,0.0,0.0,0.9371794327415869,0.0,0.0,0.0,0.0,0.534870976,0.7586206896551724,5.999999999999999
final_b01_o02_cfg_094_B0,final_validation,cfg_094,final_validation:record_rate_pressure,1,2,B0,32c451e6fd99de3f7e39735a00dec9a87f4809a0f51adf66bd1d4c46177c81fd,qualification.application.v1,measurement.messaging.reproducible.v1,True,64,56,90,1024,1048576,5,1000000,524288,4194304,25,8388608,15,30,60,True,10,,True,True,valid,True,True,True,True,eligible,True,1002.2326363980833,1002.96689453125,1002.2326363980833,1026286.2196716373,1027038.1,1026286.2196716373,1.1434016671712706,messages_attempted,31189477,0.390610603033565,0,0.0,361.0,684.0,795.0,899.0,364.9104870839353,1095.876799,3118950,3118950,0,0,2.987,1.927,0,0,0,0,0,0,False,,1266.791377402984,1246.0157319433388,0.8503169006029456,0.906972981910882,0.906972981910882,/mnt/vast-nhr/projects/nhr_ni_starter_27971/messaging-benchmark-29ffcb4/results/workflows/kafka/kafka_reproducible_standard96s_20260814T163308Z/selected-results/v2/final_b01_o02_cfg_094_B0/final_report.json,30,5.1558589,5.305016,5.685165786743164,5.7010955810546875,1080.8419371225968,1105.363013912903,1084.5598009465016,1105.2677965735988,19.257975,1077174117.7438416,1130102603.9085202,0.0,0.0,0.9226812524276506,0.5441684587813621,0.8294265232974912,0.16611111111111113,34.04455913978495,2.7216986853333336,0.3816091954022989,3.316666666666667,1573355328.1926992,1626039212.4890838,0.0,0.0,0.9333008930176365,2.0,5.0,1.0,34.0,5.026271584,0.8620689655172413,8.379310344827585,1609734799.0798576,1662528998.1482983,0.0,0.0,0.9131478057431481,0.0,0.0,0.0,0.0,2.884847064,0.6896551724137931,4.310344827586206
final_b01_o03_cfg_096_B0,final_validation,cfg_096,final_validation:qualification_rank_fill,1,3,B0,32c451e6fd99de3f7e39735a00dec9a87f4809a0f51adf66bd1d4c46177c81fd,qualification.application.v1,measurement.messaging.reproducible.v1,True,32,64,60,16384,1048576,10,1000000,2097152,8388608,50,4194304,15,30,60,True,10,,True,True,valid,True,True,True,True,eligible,True,2618.5532936191685,2616.9645833333334,2616.9645833333334,167587.41079162678,167485.73333333334,167485.73333333334,0.2007539576231477,messages_attempted,5042989,0.09155100397765636,0,0.0,103.0,162.0,204.0,279.0,104.94322848398771,477.237265,504300,504300,0,0,3.557,11.101,0,0,0,0,0,0,False,,1266.791377402984,1246.0157319433388,2.168243537651634,2.1813935942693456,2.1813935942693456,/mnt/vast-nhr/projects/nhr_ni_starter_27971/messaging-benchmark-29ffcb4/results/workflows/kafka/kafka_reproducible_standard96s_20260814T163308Z/selected-results/v2/final_b01_o03_cfg_096_B0/final_report.json,30,4.391115433333334,4.602595,5.720674641927084,5.728359222412109,2679.020022457795,2701.731163471267,2682.053549736738,2707.801391645469,47.098048,2746712217.606832,2718050736.020029,0.0,0.0,0.9369233506190786,0.7917132616487456,0.7174336917562721,0.6138315412186383,5.2483010752688175,2.602444471466667,0.393103448275862,3.6005747126436782,3995869595.18459,3966695551.7287636,0.0,0.0,0.9430389861828539,4.0,5.0,2.009999999999991,33.0,4.999296488,0.896551724137931,8.862068965517242,4088741457.127427,4060641951.169235,0.0,0.0,0.9314516256731008,0.0,0.0,0.0,0.0,3.756365632,0.7241379310344828,4.7586206896551735
final_b01_o04_cfg_101_B0,final_validation,cfg_101,"final_validation:closest_backlog_boundary,high_throughput_transition,raw_throughput_upper_bound",1,4,B0,32c451e6fd99de3f7e39735a00dec9a87f4809a0f51adf66bd1d4c46177c81fd,qualification.application.v1,measurement.messaging.reproducible.v1,True,40,56,180,16384,524288,40,1000000,1048576,8388608,10,16777216,15,30,60,True,10,,True,True,valid,True,True,True,True,eligible,False,2868.2933817875532,3033.3869791666666,2868.2933817875532,183570.7764344034,194136.76666666666,183570.7764344034,10.453546681976103,messages_attempted,6507533,5.449662706989329,0,0.0,1640.0,7840.0,11400.0,15800.0,2542.5477189680137,23150.72225,650750,650750,0,0,2.973,3.217,0,0,0,0,0,0,False,,1266.791377402984,1246.0157319433388,2.5981405607709283,2.5868850117437057,2.5981405607709283,/mnt/vast-nhr/projects/nhr_ni_starter_27971/messaging-benchmark-29ffcb4/results/workflows/kafka/kafka_reproducible_standard96s_20260814T163308Z/selected-results/v2/final_b01_o04_cfg_101_B0/final_report.json,30,3.798187833333333,3.962378,5.708162562052409,5.713451385498047,3272.106962600791,3340.8220116027496,3273.2191236898243,3341.5961244417695,56.213234,3291302059.665565,3223299421.361086,0.0,0.0,0.959837748721309,0.829899641577061,0.7961541218637994,0.8700501792114698,4.754792114695341,2.6310042373333333,0.39252873563218393,3.6948275862068964,4829793320.766573,4760610460.727013,0.0,0.0,0.965342596024793,3.0,4.0,9.0,31.0,4.902682648,0.8620689655172413,8.96551724137931,4938534689.488997,4870801027.69813,0.0,0.0,0.9554519649714431,0.0,0.0,0.0,0.0,4.585662432,0.7241379310344828,5.034482758620689
final_b01_o05_cfg_061_B0,final_validation,cfg_061,"final_validation:qualified_leader,qualification_rank_fill",1,5,B0,32c451e6fd99de3f7e39735a00dec9a87f4809a0f51adf66bd1d4c46177c81fd,qualification.application.v1,measurement.messaging.reproducible.v1,True,48,56,90,8192,524288,20,1000000,2097152,8388608,25,16777216,15,30,60,True,10,,True,True,valid,True,True,True,True,eligible,True,3128.6907973464895,3142.77109375,3128.6907973464895,400472.42206035065,402274.7,400472.42206035065,1.749219627116223,messages_attempted,12293482,0.6973521719919518,0,0.0,267.0,2170.0,4020.0,7000.0,572.1444762791544,11570.848784,1229352,1229352,0,0,3.593,12.985,0,0,0,0,0,0,False,,1266.791377402984,1246.0157319433388,2.6454263081384646,2.7077294441514113,2.7077294441514113,/mnt/vast-nhr/projects/nhr_ni_starter_27971/messaging-benchmark-29ffcb4/results/workflows/kafka/kafka_reproducible_standard96s_20260814T163308Z/selected-results/v2/final_b01_o05_cfg_061_B0/final_report.json,30,3.895094933333333,4.123886,5.6611380259195965,5.674060821533203,3271.4493774323405,3382.365483135927,3271.7780575445827,3383.9060669561577,56.458188,3351203236.7048163,3373873485.2588506,0.0,0.0,0.9538677753293888,0.3330394265232975,0.5814946236559138,1.0647741935483876,13.95693548387097,2.9219010778666665,0.41379310344827586,3.404022988505747,4871326895.88833,4894166229.50721,0.0,0.0,0.9609811100955326,1.0,4.0,10.0,36.0,5.263382976,0.9310344827586207,8.620689655172413,4986061649.104935,5007575556.854126,0.0,0.0,0.9475546550791306,0.0,0.0,0.0,0.0,2.352916944,0.7931034482758621,5.06896551724138
final_b01_o06_cfg_001_B0,final_validation,cfg_001,final_validation:manifest_baseline,1,6,B0,32c451e6fd99de3f7e39735a00dec9a87f4809a0f51adf66bd1d4c46177c81fd,qualification.application.v1,measurement.messaging.reproducible.v1,True,40,40,120,4096,1048576,20,1000000,1048576,1048576,50,8388608,15,30,60,True,10,,True,True,valid,True,True,True,True,eligible,True,1746.105063787745,1745.5033854166666,1745.5033854166666,447002.8963296627,446848.86666666664,446848.86666666664,0.32545043831502424,messages_attempted,13455505,0.10158791998401284,0,0.0,105.0,170.0,224.0,311.0,109.39483513691512,671.274636,1345549,1345549,0,0,3.471,10.254,0,0,0,0,0,0,False,,1266.791377402984,1246.0157319433388,1.4895739116491944,1.4802342576211385,1.4895739116491944,/mnt/vast-nhr/projects/nhr_ni_starter_27971/messaging-benchmark-29ffcb4/results/workflows/kafka/kafka_reproducible_standard96s_20260814T163308Z/selected-results/v2/final_b01_o06_cfg_001_B0/final_report.json,29,5.372098551724139,5.336997,5.695168988458041,5.719810485839844,1805.6695986043867,1821.122332107767,1809.9471524808293,1824.6900376925355,31.493332,1886979387.2816339,1844395171.9574077,0.0,0.0,0.9318985191168132,0.37301433691756275,0.7767204301075268,0.18364516129032257,3.819548387096774,2.684937805066667,0.38908045977011496,3.432183908045977,2722512347.554758,2679780587.704759,0.0,0.0,0.9435969330093682,3.0,5.0,1.0,31.0,4.894667392,0.8620689655172413,8.89655172413793,2783860197.2136426,2741701953.4558086,0.0,0.0,0.9210271186113289,0.0,0.0,0.0,0.0,2.416004408,0.7586206896551724,4.379310344827586
final_b01_o07_cfg_107_B0,final_validation,cfg_107,"final_validation:qualified_leader,qualification_rank_fill",1,7,B0,32c451e6fd99de3f7e39735a00dec9a87f4809a0f51adf66bd1d4c46177c81fd,qualification.application.v1,measurement.messaging.reproducible.v1,True,48,24,60,8192,2097152,5,2000000,2097152,8388608,50,33554432,15,30,60,True,10,,True,True,valid,True,True,True,True,eligible,True,3073.591439669049,3146.3416666666667,3073.591439669049,393419.7042776383,402731.73333333334,393419.7042776383,2.0682936621807526,messages_attempted,12353855,1.401181249995716,0,0.0,244.0,2480.0,5010.0,7670.0,592.8648517133116,11272.603152,1235387,1235387,0,0,2.978,124.035,0,0,0,0,0,0,False,,1266.791377402984,1246.0157319433388,2.679180699356337,2.676483013411525,2.679180699356337,/mnt/vast-nhr/projects/nhr_ni_starter_27971/messaging-benchmark-29ffcb4/results/workflows/kafka/kafka_reproducible_standard96s_20260814T163308Z/selected-results/v2/final_b01_o07_cfg_107_B0/final_report.json,30,3.742485133333333,3.960631,5.703997548421224,5.718364715576172,3268.3817389078877,3405.9638430818177,3266.3812722374087,3377.3218787159653,56.122873,3393963008.449104,3334939940.9898744,0.0,0.0,0.9521531459276068,0.47499641577060925,0.673136200716846,0.8620788530465954,5.614035842293907,2.808696293066667,0.4126436781609195,3.638505747126437,4910668966.748659,4851694465.328747,0.0,0.0,0.9589378362470251,2.0,4.0,9.0,34.0,5.209047976,0.9310344827586207,9.10344827586207,5022234103.98792,4963372152.159358,0.0,0.0,0.94584671096184,0.0,0.0,0.0,0.0,3.265942272,0.7586206896551724,5.206896551724139
final_b01_o08_cfg_049_B0,final_validation,cfg_049,final_validation:qualification_rank_fill,1,8,B0,32c451e6fd99de3f7e39735a00dec9a87f4809a0f51adf66bd1d4c46177c81fd,qualification.application.v1,measurement.messaging.reproducible.v1,True,64,64,120,4096,1048576,20,1000000,1048576,1048576,50,8388608,15,30,60,True,10,,True,True,valid,True,True,True,True,eligible,True,2819.6493067251995,2887.47421875,2819.6493067251995,721830.2225216511,739193.4,721830.2225216511,2.870462508997346,messages_attempted,22847015,1.651501004002057,0,0.0,392.0,3530.0,6340.0,10300.0,911.4221763669166,15044.948678,2284697,2284697,0,0,3.555,25.848,0,0,0,0,0,0,False,,1266.791377402984,1246.0157319433388,2.3989635567188454,2.536631976061908,2.536631976061908,/mnt/vast-nhr/projects/nhr_ni_starter_27971/messaging-benchmark-29ffcb4/results/workflows/kafka/kafka_reproducible_standard96s_20260814T163308Z/selected-results/v2/final_b01_o08_cfg_049_B0/final_report.json,30,4.189336366666667,4.431362,5.76333262125651,5.78863525390625,3057.971350818242,3162.785875127621,3061.141390278979,3165.955835657115,52.347975,3038986348.3554277,3160683348.323656,0.0,0.0,0.9549023753425759,0.5104014336917558,0.7661075268817206,1.0252652329749106,35.76308960573477,2.466578536,0.39425287356321836,3.6160919540229886,4463240798.752783,4584490523.5523205,0.0,0.0,0.9636033969980425,1.0,5.1200000000000045,8.0,35.0,4.66874156,0.896551724137931,8.862068965517242,4567023090.562278,4688081147.763779,0.0,0.0,0.9474465021929058,0.0,0.0,0.0,0.0,4.704499392,0.7586206896551724,5.172413793103449
final_b01_o09_cfg_062_B0,final_validation,cfg_062,final_validation:qualification_rank_fill,1,9,B0,32c451e6fd99de3f7e39735a00dec9a87f4809a0f51adf66bd1d4c46177c81fd,qualification.application.v1,measurement.messaging.reproducible.v1,True,64,64,60,4096,524288,0,1000000,1048576,262144,25,16777216,15,30,60,True,10,,True,True,valid,True,True,True,True,eligible,True,2945.563598489395,2966.6778645833333,2945.563598489395,754064.2812132852,759469.5333333333,754064.2812132852,0.9613705470489914,messages_attempted,23008506,0.5126064729993232,0,0.0,219.0,1680.0,3480.0,6090.0,448.90401281161286,9636.48733,2300852,2300852,0,0,3.569,12.775,0,0,0,0,0,0,False,,1266.791377402984,1246.0157319433388,2.4823626345986094,2.485987063911183,2.485987063911183,/mnt/vast-nhr/projects/nhr_ni_starter_27971/messaging-benchmark-29ffcb4/results/workflows/kafka/kafka_reproducible_standard96s_20260814T163308Z/selected-results/v2/final_b01_o09_cfg_062_B0/final_report.json,30,4.2210709,4.410637,5.689029184977214,5.704582214355469,3076.641660975641,3153.6330130193737,3080.1389338029726,3155.189631954509,52.915214,3144635581.0968723,3097578991.040965,0.0,0.0,0.9486346082084622,0.6207096774193551,0.6040107526881715,0.6566881720430104,3.896505376344086,2.7009127976,0.4114942528735632,3.7781609195402295,4582522870.402382,4535677387.861198,0.0,0.0,0.9551583953103292,6.0,3.5599999999999454,4.0,29.0,5.16523404,0.9310344827586207,9.344827586206895,4690300883.909761,4643210158.901075,0.0,0.0,0.9426892452975791,0.0,0.0,0.0,0.0,1.040938464,0.7586206896551724,5.448275862068966
final_b01_o10_cfg_113_B0,final_validation,cfg_113,"final_validation:qualified_leader,qualification_rank_fill",1,10,B0,32c451e6fd99de3f7e39735a00dec9a87f4809a0f51adf66bd1d4c46177c81fd,qualification.application.v1,measurement.messaging.reproducible.v1,True,48,56,240,8192,4194304,5,500000,1048576,4194304,100,4194304,15,30,60,True,10,,True,True,valid,True,True,True,True,eligible,True,2882.7745043008767,3004.379427083333,2882.7745043008767,368995.1365505122,384560.56666666665,368995.1365505122,4.997730897610865,messages_attempted,12163400,2.9635390500188805,0,0.0,605.0,4640.0,7920.0,12100.0,1258.3918742026597,23134.991777,1216340,1216340,0,0,2.981,14.512,0,0,0,0,0,0,False,,1266.791377402984,1246.0157319433388,2.4991955625660816,2.5160942309676435,2.5160942309676435,/mnt/vast-nhr/projects/nhr_ni_starter_27971/messaging-benchmark-29ffcb4/results/workflows/kafka/kafka_reproducible_standard96s_20260814T163308Z/selected-results/v2/final_b01_o10_cfg_113_B0/final_report.json,30,3.9380452,4.072123,5.709459050496419,5.716480255126953,3156.1048746325782,3268.440423084049,3156.268446088749,3278.08758524629,54.960843,3165959389.102512,3135092994.8375607,0.0,0.0,0.953528703043528,0.863358422939069,0.7382616487455194,0.5976810035842295,6.538232974910395,2.6779956477333333,0.4132183908045977,3.7936781609195402,4643211917.904009,4612118128.32068,0.0,0.0,0.9615478591602871,11.0,4.0,5.0,35.0,4.909238128,0.9310344827586207,8.931034482758621,4752134402.187916,4721038790.181746,0.0,0.0,0.9463751078275905,0.0,0.0,0.0,0.0,3.086608152,0.7586206896551724,5.241379310344828
final_b02_o01_cfg_113_B0,final_validation,cfg_113,"final_validation:qualified_leader,qualification_rank_fill",2,1,B0,32c451e6fd99de3f7e39735a00dec9a87f4809a0f51adf66bd1d4c46177c81fd,qualification.application.v1,measurement.messaging.reproducible.v1,True,48,56,240,8192,4194304,5,500000,1048576,4194304,100,4194304,15,30,60,True,10,,True,True,valid,True,True,True,True,eligible,True,3050.463539198788,3076.958072916667,3050.463539198788,390459.3330174449,393850.63333333336,390459.3330174449,2.894682890805827,messages_attempted,12184478,1.2054352910490707,0,0.0,503.0,2560.0,4330.0,7020.0,810.6066727432312,15601.79603,1218446,1218446,0,0,3.004,15.225,0,0,0,0,0,0,False,,1266.791377402984,1246.0157319433388,2.6066998758324194,2.6659514098640207,2.6659514098640207,/mnt/vast-nhr/projects/nhr_ni_starter_27971/messaging-benchmark-29ffcb4/results/workflows/kafka/kafka_reproducible_standard96s_20260814T163308Z/selected-results/v2/final_b02_o01_cfg_113_B0/final_report.json,30,3.8833776999999996,4.075643,5.724248886108398,5.7368927001953125,3242.451121883996,3391.7382509960134,3242.6851797851145,3388.8218660931957,55.039251,3302144926.1819377,3321817397.2870936,0.0,0.0,0.9459147575449873,0.6342186379928316,0.7228351254480286,0.9377383512544806,23.410534050179212,2.8638851168,0.3896551724137931,3.2586206896551726,4802883153.918444,4822873191.721127,0.0,0.0,0.9513914311165501,1.0,4.0,7.710000000000036,35.0,5.172764784,0.8275862068965517,7.620689655172414,4912818357.330089,4932288623.562028,0.0,0.0,0.9407862637346993,0.0,0.0,0.0,0.0,2.604723808,0.7931034482758621,5.241379310344828
final_b02_o02_cfg_094_B0,final_validation,cfg_094,final_validation:record_rate_pressure,2,2,B0,32c451e6fd99de3f7e39735a00dec9a87f4809a0f51adf66bd1d4c46177c81fd,qualification.application.v1,measurement.messaging.reproducible.v1,True,64,56,90,1024,1048576,5,1000000,524288,4194304,25,8388608,15,30,60,True,10,,True,True,valid,True,True,True,True,eligible,True,1000.3185437859435,1001.0083658854167,1000.3185437859435,1024326.1888368061,1025032.5666666667,1024326.1888368061,1.146464867171444,messages_attempted,31121320,0.3822248119977303,0,0.0,357.0,660.0,735.0,810.0,358.35162091264414,952.242133,3112133,3112133,0,0,2.996,66.588,0,0,0,0,0,0,False,,1266.791377402984,1246.0157319433388,0.8743133280920149,0.8707166450611153,0.8743133280920149,/mnt/vast-nhr/projects/nhr_ni_starter_27971/messaging-benchmark-29ffcb4/results/workflows/kafka/kafka_reproducible_standard96s_20260814T163308Z/selected-results/v2/final_b02_o02_cfg_094_B0/final_report.json,30,5.059133533333334,5.310209,5.676909891764323,5.691619873046875,1079.3129623596228,1100.7777788856945,1082.931085637596,1106.2042155384731,19.33172,1107572585.1754706,1084926637.811074,0.0,0.0,0.9328922454856521,0.4987813620071692,0.8247670250896059,0.14111827956989234,3.7190573476702515,2.7611051370666666,0.36723929881292766,3.233310943218272,1601694664.0471363,1578817922.200725,0.0,0.0,0.9422315196052887,6.310000000000002,5.0,1.0,32.0,5.07661392,0.7931034482758621,8.0,1638070153.11483,1615582685.2103562,0.0,0.0,0.9223472784601361,0.0,0.0,0.0,0.0,3.58918384,0.7241379310344828,4.620689655172414
final_b02_o03_cfg_007_B0,final_validation,cfg_007,"final_validation:controlled_one_factor,qualification_rank_fill",2,3,B0,32c451e6fd99de3f7e39735a00dec9a87f4809a0f51adf66bd1d4c46177c81fd,qualification.application.v1,measurement.messaging.reproducible.v1,True,64,40,120,4096,1048576,20,1000000,1048576,1048576,50,8388608,15,30,60,True,10,,True,True,valid,True,True,True,True,eligible,True,2918.743163267265,2936.5373697916666,2918.743163267265,747198.2497964199,751753.5666666667,747198.2497964199,1.3592143605446285,messages_attempted,22869829,0.6073904070071876,0,0.0,289.0,1520.0,2560.0,4080.0,476.4990043430477,7144.146658,2286985,2286985,0,0,4.019,15.651,0,0,0,0,0,0,False,,1266.791377402984,1246.0157319433388,2.4578200157209444,2.578065459057198,2.578065459057198,/mnt/vast-nhr/projects/nhr_ni_starter_27971/messaging-benchmark-29ffcb4/results/workflows/kafka/kafka_reproducible_standard96s_20260814T163308Z/selected-results/v2/final_b02_o03_cfg_007_B0/final_report.json,30,4.2149513333333335,4.550134,5.779130427042643,5.797397613525391,3057.0504136196273,3120.457516984542,3060.573951555488,3120.1112973826885,52.925719,3113545203.123759,3212310119.9649944,0.0,0.0,0.9534718384153684,0.24060215053763453,0.8541218637992833,0.44713978494623674,28.208906810035845,2.8345213370666666,0.3976984151515223,3.358597507768904,4537774884.212821,4635301096.987738,0.0,0.0,0.9617420543194813,2.0,5.100000000000023,4.710000000000036,36.0,5.201960176,0.896551724137931,8.13793103448276,4646438539.16518,4745156784.392792,0.0,0.0,0.9462059953044715,0.0,0.0,0.0,0.0,1.371644496,0.7586206896551724,4.827586206896552
final_b02_o04_cfg_062_B0,final_validation,cfg_062,final_validation:qualification_rank_fill,2,4,B0,32c451e6fd99de3f7e39735a00dec9a87f4809a0f51adf66bd1d4c46177c81fd,qualification.application.v1,measurement.messaging.reproducible.v1,True,64,64,60,4096,524288,0,1000000,1048576,262144,25,16777216,15,30,60,True,10,,True,True,valid,True,True,True,True,eligible,True,2901.4813096222965,2936.571223958333,2901.4813096222965,742779.2152633079,751762.2333333333,742779.2152633079,1.6065243850465845,messages_attempted,22924582,0.8626878269715235,0,0.0,240.0,2060.0,3960.0,6600.0,534.6918554265324,9938.560024,2292459,2292459,0,0,3.565,15.227,0,0,0,0,0,0,False,,1266.791377402984,1246.0157319433388,2.4330728277027878,2.4511775022469346,2.4511775022469346,/mnt/vast-nhr/projects/nhr_ni_starter_27971/messaging-benchmark-29ffcb4/results/workflows/kafka/kafka_reproducible_standard96s_20260814T163308Z/selected-results/v2/final_b02_o04_cfg_062_B0/final_report.json,30,4.2279314,4.648703,5.710713577270508,5.721046447753906,3071.1319549966056,3151.9897978851222,3074.530957285054,3162.0678408672857,52.735011,3082195678.7273874,3054205729.585259,0.0,0.0,0.9404381642985705,0.5907168458781362,0.71315770609319,0.447326164874552,4.111964157706093,2.842069004266667,0.4045977011494253,3.768390804597701,4511390943.008303,4483493919.709974,0.0,0.0,0.9449334728594115,3.0,4.0,4.0,28.0,4.98828364,0.896551724137931,9.275862068965518,4617319145.052896,4589315027.87559,0.0,0.0,0.9364646956288123,0.0,0.0,0.0,0.0,2.647356936,0.7586206896551724,5.517241379310343
final_b02_o05_cfg_107_B0,final_validation,cfg_107,"final_validation:qualified_leader,qualification_rank_fill",2,5,B0,32c451e6fd99de3f7e39735a00dec9a87f4809a0f51adf66bd1d4c46177c81fd,qualification.application.v1,measurement.messaging.reproducible.v1,True,48,24,60,8192,2097152,5,2000000,2097152,8388608,50,33554432,15,30,60,True,10,,True,True,valid,True,True,True,True,eligible,True,2847.0772299131004,3083.1203125,2847.0772299131004,364425.88542887685,394639.4,364425.88542887685,4.0519889617090366,messages_attempted,12356623,3.9070389210246503,0,0.0,413.0,5160.0,9030.0,14100.0,1173.5904637017613,18292.919894,1235658,1235658,0,0,2.943,8.681,0,0,0,0,0,0,False,,1266.791377402984,1246.0157319433388,2.6139476305264924,2.770267127076132,2.770267127076132,/mnt/vast-nhr/projects/nhr_ni_starter_27971/messaging-benchmark-29ffcb4/results/workflows/kafka/kafka_reproducible_standard96s_20260814T163308Z/selected-results/v2/final_b02_o05_cfg_107_B0/final_report.json,30,3.6392403,3.84829,5.759853744506836,5.766166687011719,3254.958923119394,3354.747580974377,3253.727768506763,3342.2388926939107,55.157243,3311326319.3339214,3451796422.0223365,0.0,0.0,0.9495239816369158,0.35087455197132633,0.8436057347670252,1.1517455197132618,37.12537992831542,2.5617757850666667,0.3879310344827586,3.467241379310345,4828658479.972151,4968840652.604115,0.0,0.0,0.9529865581123017,1.0,5.0,10.710000000000036,36.0,4.843356784,0.8620689655172413,8.517241379310345,4943288184.911907,5083448834.35346,0.0,0.0,0.945611314453462,0.0,0.0,0.0,0.0,2.616580072,0.7586206896551724,5.103448275862069
final_b02_o06_cfg_049_B0,final_validation,cfg_049,final_validation:qualification_rank_fill,2,6,B0,32c451e6fd99de3f7e39735a00dec9a87f4809a0f51adf66bd1d4c46177c81fd,qualification.application.v1,measurement.messaging.reproducible.v1,True,64,64,120,4096,1048576,20,1000000,1048576,1048576,50,8388608,15,30,60,True,10,,True,True,valid,True,True,True,True,eligible,True,2763.1386692659735,2870.590885416667,2763.1386692659735,707363.4993320892,734871.2666666667,707363.4993320892,3.375185558914446,messages_attempted,22826982,2.27045192301739,0,0.0,311.0,3900.0,7740.0,13400.0,877.825420082628,21323.339703,2282701,2282701,0,0,2.947,12.908,0,0,0,0,0,0,False,,1266.791377402984,1246.0157319433388,2.4191829745421645,2.5080370494023083,2.5080370494023083,/mnt/vast-nhr/projects/nhr_ni_starter_27971/messaging-benchmark-29ffcb4/results/workflows/kafka/kafka_reproducible_standard96s_20260814T163308Z/selected-results/v2/final_b02_o06_cfg_049_B0/final_report.json,30,4.237152733333334,4.466353,5.75632692972819,5.774379730224609,3010.03285046475,3061.6631138015796,3012.784200776754,3063.7988328982974,52.273165,3064600132.5101166,3125053619.852029,0.0,0.0,0.9423586197726919,0.40373118279569853,0.581627240143369,0.5855555555555556,14.515956989247062,3.1402372522666666,0.40919540229885054,3.551149425287356,4462352375.777278,4523133917.17043,0.0,0.0,0.9474515461211371,1.0,4.0,6.0,34.0,5.10823096,0.9310344827586207,8.827586206896552,4564711162.696065,4625378815.714535,0.0,0.0,0.9368002064942877,0.0,0.0,0.0,0.0,5.098174736,0.7586206896551724,5.310344827586207
final_b02_o07_cfg_101_B0,final_validation,cfg_101,"final_validation:closest_backlog_boundary,high_throughput_transition,raw_throughput_upper_bound",2,7,B0,32c451e6fd99de3f7e39735a00dec9a87f4809a0f51adf66bd1d4c46177c81fd,qualification.application.v1,measurement.messaging.reproducible.v1,True,40,56,180,16384,524288,40,1000000,1048576,8388608,10,16777216,15,30,60,True,10,,True,True,valid,True,True,True,True,eligible,False,2984.5677660600218,3070.391666666667,2984.5677660600218,191012.3370278414,196505.06666666668,191012.3370278414,9.254408276664519,messages_attempted,6500783,4.033177861012518,0,0.0,1540.0,7010.0,9960.0,13600.0,2305.420198742068,18403.81809,650078,650078,0,0,3.61,5.331,0,0,0,0,0,0,False,,1266.791377402984,1246.0157319433388,2.6486154157788278,2.646737601607294,2.6486154157788278,/mnt/vast-nhr/projects/nhr_ni_starter_27971/messaging-benchmark-29ffcb4/results/workflows/kafka/kafka_reproducible_standard96s_20260814T163308Z/selected-results/v2/final_b02_o07_cfg_101_B0/final_report.json,30,3.8572640666666667,4.001336,5.694462076822917,5.701568603515625,3294.995450525157,3404.2853190567293,3296.1708075354077,3409.29682147318,56.222,3355243170.7652383,3297876689.92867,0.0,0.0,0.9516895348439116,1.0154014336917567,0.8586236559139788,0.773813620071685,4.39746953405018,2.6535433224,0.39252873563218393,3.471264367816092,4903418788.520836,4844812345.233639,0.0,0.0,0.9561966699722224,11.0,5.0,8.0,29.0,5.24515344,0.8620689655172413,8.586206896551724,5012137972.730404,4955893697.553192,0.0,0.0,0.9482734894008147,0.0,0.0,0.0,0.0,3.942941312,0.7586206896551724,5.000000000000001
final_b02_o08_cfg_061_B0,final_validation,cfg_061,"final_validation:qualified_leader,qualification_rank_fill",2,8,B0,32c451e6fd99de3f7e39735a00dec9a87f4809a0f51adf66bd1d4c46177c81fd,qualification.application.v1,measurement.messaging.reproducible.v1,True,48,56,90,8192,524288,20,1000000,2097152,8388608,25,16777216,15,30,60,True,10,,True,True,valid,True,True,True,True,eligible,True,2974.539273679283,3114.215625,2974.539273679283,380741.0270309482,398619.6,380741.0270309482,2.5988027606070405,messages_attempted,12290775,2.2811842520022765,0,0.0,304.0,3300.0,6690.0,10400.0,773.0831400291495,14824.608563,1229077,1229077,0,0,2.979,8.836,0,0,0,0,0,0,False,,1266.791377402984,1246.0157319433388,2.6562543199231334,2.648478466232716,2.6562543199231334,/mnt/vast-nhr/projects/nhr_ni_starter_27971/messaging-benchmark-29ffcb4/results/workflows/kafka/kafka_reproducible_standard96s_20260814T163308Z/selected-results/v2/final_b02_o08_cfg_061_B0/final_report.json,30,3.8791097666666667,4.269131,5.686107381184896,5.700103759765625,3249.554410337987,3352.014420412834,3250.0886358611665,3340.1129004376517,55.616143,3364920068.668052,3300045834.6391287,0.0,0.0,0.9493844259635214,0.8779856630824372,0.7432473118279571,0.8128422939068105,4.966924731182796,2.5003993648000002,0.3988523189088308,3.609208166643675,4877330942.88504,4812844220.720892,0.0,0.0,0.9546601203650024,13.419999999999959,5.0,8.0,35.0,4.758781296,0.896551724137931,8.931034482758621,4992660684.23278,4928697612.590567,0.0,0.0,0.9449211099975092,0.0,0.0,0.0,0.0,1.317557312,0.7586206896551724,5.206896551724139
final_b02_o09_cfg_001_B0,final_validation,cfg_001,final_validation:manifest_baseline,2,9,B0,32c451e6fd99de3f7e39735a00dec9a87f4809a0f51adf66bd1d4c46177c81fd,qualification.application.v1,measurement.messaging.reproducible.v1,True,40,40,120,4096,1048576,20,1000000,1048576,1048576,50,8388608,15,30,60,True,10,,True,True,valid,True,True,True,True,eligible,True,1740.7399038406998,1740.4032552083333,1740.4032552083333,445629.41538321914,445543.23333333334,445543.23333333334,0.30701097481669065,messages_attempted,13413527,0.10012544097844511,0,0.0,102.0,158.0,203.0,259.0,105.47119961081924,344.241377,1341351,1341351,0,0,2.968,10.979,0,0,0,0,0,0,False,,1266.791377402984,1246.0157319433388,1.4736954276677585,1.4770022525226918,1.4770022525226918,/mnt/vast-nhr/projects/nhr_ni_starter_27971/messaging-benchmark-29ffcb4/results/workflows/kafka/kafka_reproducible_standard96s_20260814T163308Z/selected-results/v2/final_b02_o09_cfg_001_B0/final_report.json,30,5.207827833333334,5.383922,5.704104359944662,5.726406097412109,1801.2395958793782,1814.8838676246567,1805.6251373841449,1818.8891222998295,32.085918,1866864660.687719,1840368042.7590218,0.0,0.0,0.9417290842756153,0.6659498207885305,0.9233440860215054,0.12406093189964157,3.922247311827957,2.780820107733333,0.37528735632183907,3.3132183908045976,2701176036.925268,2674668642.0672636,0.0,0.0,0.9534642390425436,7.0,8.0,1.0,30.0,5.118362912,0.8275862068965517,8.172413793103447,2763554513.354865,2737120267.324252,0.0,0.0,0.9294954457295067,0.0,0.0,0.0,0.0,1.575615264,0.6896551724137931,4.1034482758620685
final_b02_o10_cfg_096_B0,final_validation,cfg_096,final_validation:qualification_rank_fill,2,10,B0,32c451e6fd99de3f7e39735a00dec9a87f4809a0f51adf66bd1d4c46177c81fd,qualification.application.v1,measurement.messaging.reproducible.v1,True,32,64,60,16384,1048576,10,1000000,2097152,8388608,50,4194304,15,30,60,True,10,,True,True,valid,True,True,True,True,eligible,True,2623.807957062303,2622.4630208333333,2622.4630208333333,167923.7092519874,167837.63333333333,167837.63333333333,0.16960582781939493,messages_attempted,5050534,0.07622150494717062,0,0.0,105.0,165.0,208.0,290.0,107.46546645060884,720.715271,505050,505050,0,0,2.965,14.662,0,0,0,0,0,0,False,,1266.791377402984,1246.0157319433388,2.1674012334134174,2.1840010084524706,2.1840010084524706,/mnt/vast-nhr/projects/nhr_ni_starter_27971/messaging-benchmark-29ffcb4/results/workflows/kafka/kafka_reproducible_standard96s_20260814T163308Z/selected-results/v2/final_b02_o10_cfg_096_B0/final_report.json,30,4.3884172,4.535001,5.685428746541342,5.701129913330078,2683.280251863211,2712.701451021775,2686.00608481299,2741.30776559908,46.536145,2745645193.860709,2721299615.111895,0.0,0.0,0.9391598993539821,0.9377670250896062,0.6751290322580642,0.6752616487455202,5.387204301075268,2.715054454933333,0.385632183908046,3.746551724137931,3997459481.019998,3973117410.083526,0.0,0.0,0.9448621447606269,10.069999999999993,4.0,1.4300000000000068,31.0,5.17173812,0.8620689655172413,9.10344827586207,4089577193.9302497,4064750547.733227,0.0,0.0,0.9338518796771994,0.0,0.0,0.0,0.0,0.24824024,0.7241379310344828,5.551724137931034
final_b03_o01_cfg_062_B0,final_validation,cfg_062,final_validation:qualification_rank_fill,3,1,B0,32c451e6fd99de3f7e39735a00dec9a87f4809a0f51adf66bd1d4c46177c81fd,qualification.application.v1,measurement.messaging.reproducible.v1,True,64,64,60,4096,524288,0,1000000,1048576,262144,25,16777216,15,30,60,True,10,,True,True,valid,True,True,True,True,eligible,True,2842.0866008883454,2923.270572916667,2842.0866008883454,727574.1698274164,748357.2666666667,727574.1698274164,1.869791097848204,messages_attempted,22881861,1.4494424759759568,0,0.0,213.0,3300.0,6510.0,10500.0,680.0408879718336,16722.086037,2288186,2288186,0,0,3.553,12.906,0,0,0,0,0,0,False,,1266.791377402984,1246.0157319433388,2.426612979654103,2.5101561473857323,2.5101561473857323,/mnt/vast-nhr/projects/nhr_ni_starter_27971/messaging-benchmark-29ffcb4/results/workflows/kafka/kafka_reproducible_standard96s_20260814T163308Z/selected-results/v2/final_b03_o01_cfg_062_B0/final_report.json,30,4.2698687,4.565353,5.731239827473958,5.741218566894531,3070.8738087830775,3150.0829555679743,3074.5422993026814,3152.150479029245,53.001111,3074012398.91998,3127694049.2769046,0.0,0.0,0.9395416124150802,0.734763440860215,0.6754982078853046,0.8748387096774196,35.06484229390681,2.42549678,0.3982712261711882,3.364325201493155,4504388190.895518,4559131260.282698,0.0,0.0,0.9436579506846533,9.109999999999985,5.0,5.0,34.0,4.621437688,0.8962735702712951,8.238822434416905,4608801846.058579,4663117223.586002,0.0,0.0,0.9355996514591923,0.0,0.0,0.0,0.0,1.803192528,0.7931034482758621,4.9655172413793105
final_b03_o02_cfg_113_B0,final_validation,cfg_113,"final_validation:qualified_leader,qualification_rank_fill",3,2,B0,32c451e6fd99de3f7e39735a00dec9a87f4809a0f51adf66bd1d4c46177c81fd,qualification.application.v1,measurement.messaging.reproducible.v1,True,48,56,240,8192,4194304,5,500000,1048576,4194304,100,4194304,15,30,60,True,10,,True,True,valid,True,True,True,True,eligible,True,3025.8600982508337,3059.81484375,3025.8600982508337,387310.0925761067,391656.3,387310.0925761067,3.787085633286506,messages_attempted,12228691,1.5732745820423588,0,0.0,770.0,3740.0,6050.0,9480.0,1201.316782796235,20623.374674,1222870,1222870,0,0,3.576,12.279,0,0,0,0,0,0,False,,1266.791377402984,1246.0157319433388,2.5503902313309044,2.650400294320927,2.650400294320927,/mnt/vast-nhr/projects/nhr_ni_starter_27971/messaging-benchmark-29ffcb4/results/workflows/kafka/kafka_reproducible_standard96s_20260814T163308Z/selected-results/v2/final_b03_o02_cfg_113_B0/final_report.json,29,3.7451852068965517,3.866343,5.826218045991043,5.833747863769531,3240.5655297195767,3320.9713521039685,3240.5468953596073,3317.3488459677296,54.537735,3230812354.0627913,3302440462.67113,0.0,0.0,0.9431595903524819,0.5664516129032258,0.8711684587813622,0.6194444444444448,29.955265232974913,2.5248932965333335,0.40172413793103445,3.425287356321839,4744968574.086312,4816815596.815666,0.0,0.0,0.9460055996918264,1.0,5.4199999999999875,6.0,35.0,4.391671144,0.896551724137931,8.413793103448276,4859917950.55764,4931233661.165558,0.0,0.0,0.9400568989629465,0.0,0.0,0.0,0.0,1.793446752,0.7241379310344828,4.655172413793104
final_b03_o03_cfg_007_B0,final_validation,cfg_007,"final_validation:controlled_one_factor,qualification_rank_fill",3,3,B0,32c451e6fd99de3f7e39735a00dec9a87f4809a0f51adf66bd1d4c46177c81fd,qualification.application.v1,measurement.messaging.reproducible.v1,True,64,40,120,4096,1048576,20,1000000,1048576,1048576,50,8388608,15,30,60,True,10,,True,True,valid,True,True,True,True,eligible,True,2925.6360817317245,2934.993098958333,2925.6360817317245,748962.8369233215,751358.2333333333,748962.8369233215,1.2369660737363755,messages_attempted,22828597,0.48026442201808095,0,0.0,261.0,1190.0,1970.0,3100.0,399.73985376792064,5264.65737,2282861,2282861,0,0,3.557,15.811,0,0,0,0,0,0,False,,1266.791377402984,1246.0157319433388,2.449579100043921,2.4773048264224413,2.4773048264224413,/mnt/vast-nhr/projects/nhr_ni_starter_27971/messaging-benchmark-29ffcb4/results/workflows/kafka/kafka_reproducible_standard96s_20260814T163308Z/selected-results/v2/final_b03_o03_cfg_007_B0/final_report.json,30,4.3181283,4.493429,5.713890838623047,5.740688323974609,3041.37513773146,3119.5525831979553,3045.075953597627,3126.096705019328,52.823617,3103105682.2022004,3086760786.541524,0.0,0.0,0.9526054817619752,0.5899354838709677,0.7325053763440857,0.43392473118279573,4.025641577060933,2.7951916829333334,0.3948297665273243,3.6207049174154085,4516350106.695803,4501030365.37156,0.0,0.0,0.9603189023943944,5.0,4.0,4.0,32.0,4.96327024,0.8620689655172413,8.655172413793103,4621731077.760912,4605522180.915187,0.0,0.0,0.9461351648119449,0.0,0.0,0.0,0.0,3.693662784,0.7931034482758621,5.517241379310346
final_b03_o04_cfg_001_B0,final_validation,cfg_001,final_validation:manifest_baseline,3,4,B0,32c451e6fd99de3f7e39735a00dec9a87f4809a0f51adf66bd1d4c46177c81fd,qualification.application.v1,measurement.messaging.reproducible.v1,True,40,40,120,4096,1048576,20,1000000,1048576,1048576,50,8388608,15,30,60,True,10,,True,True,valid,True,True,True,True,eligible,True,1734.1936215907945,1734.0509114583333,1734.0509114583333,443953.5671272434,443917.0333333333,443917.0333333333,0.29967636150316074,messages_attempted,13362749,0.09937605599407107,0,0.0,102.0,149.0,186.0,237.0,103.70004245675683,346.123681,1336269,1336269,0,0,2.972,13.006,0,0,0,0,0,0,False,,1266.791377402984,1246.0157319433388,1.4819279685067959,1.563212397842879,1.563212397842879,/mnt/vast-nhr/projects/nhr_ni_starter_27971/messaging-benchmark-29ffcb4/results/workflows/kafka/kafka_reproducible_standard96s_20260814T163308Z/selected-results/v2/final_b03_o04_cfg_001_B0/final_report.json,30,5.1433181,5.3056,5.828558349609375,5.927131652832031,1795.0057546167416,1813.8959834871073,1799.220516324083,1820.1408576312351,31.758115,1877293572.4367297,1947787240.0810964,0.0,0.0,0.9294561332684811,0.4880645161290321,0.6953620071684586,0.32091039426523305,30.384817204301022,2.8501977568,0.3908033493166184,3.2476931240961595,2706730261.1123834,2777147080.6573014,0.0,0.0,0.9413004131360454,1.0,5.389999999999986,1.0,31.710000000000036,4.998567464,0.896551724137931,8.034482758620692,2768220020.277403,2838522752.146074,0.0,0.0,0.920194104465088,0.0,0.0,0.0,0.0,4.408550936,0.7241379310344828,4.655172413793102
final_b03_o05_cfg_096_B0,final_validation,cfg_096,final_validation:qualification_rank_fill,3,5,B0,32c451e6fd99de3f7e39735a00dec9a87f4809a0f51adf66bd1d4c46177c81fd,qualification.application.v1,measurement.messaging.reproducible.v1,True,32,64,60,16384,1048576,10,1000000,2097152,8388608,50,4194304,15,30,60,True,10,,True,True,valid,True,True,True,True,eligible,True,2617.925599691051,2611.772395833333,2611.772395833333,167547.23838022727,167153.43333333332,167153.43333333332,0.19370002386505009,messages_attempted,5036654,0.0609361800015904,0,0.0,103.0,178.0,270.0,478.0,108.50656730243118,1064.15468,503665,503665,0,0,3.574,11.947,0,0,0,0,0,0,False,,1266.791377402984,1246.0157319433388,2.144026988576642,2.1983111132709032,2.1983111132709032,/mnt/vast-nhr/projects/nhr_ni_starter_27971/messaging-benchmark-29ffcb4/results/workflows/kafka/kafka_reproducible_standard96s_20260814T163308Z/selected-results/v2/final_b03_o05_cfg_096_B0/final_report.json,30,4.649617666666667,5.003235,5.7048089345296225,5.719928741455078,2675.0257171243907,2754.9886447473,2679.914127009747,2736.187161776764,46.653849,2716034902.0481763,2739130230.8414207,0.0,0.0,0.9509346138530249,0.6231254480286739,0.6531039426523301,0.6728996415770611,5.088229390681003,2.633007768,0.38908212468465725,3.8758768946331084,3958494605.0676837,3982915944.5408235,0.0,0.0,0.9590249921381612,7.069999999999993,4.0,5.0,33.0,4.74840688,0.8620689655172413,9.379310344827587,4049864980.7563663,4074124130.761986,0.0,0.0,0.9428629797318951,0.0,0.0,0.0,0.0,3.22035864,0.7586206896551724,5.793103448275862
final_b03_o06_cfg_107_B0,final_validation,cfg_107,"final_validation:qualified_leader,qualification_rank_fill",3,6,B0,32c451e6fd99de3f7e39735a00dec9a87f4809a0f51adf66bd1d4c46177c81fd,qualification.application.v1,measurement.messaging.reproducible.v1,True,48,24,60,8192,2097152,5,2000000,2097152,8388608,50,33554432,15,30,60,True,10,,True,True,valid,True,True,True,True,eligible,True,3001.731171352517,3106.725520833333,3001.731171352517,384221.58993312216,397660.86666666664,384221.58993312216,3.1015451634362234,messages_attempted,12328081,2.085843819018919,0,0.0,291.0,3820.0,6600.0,9750.0,892.5110692784799,15921.573667,1232807,1232807,0,0,3.543,17.557,0,0,0,0,0,0,False,,1266.791377402984,1246.0157319433388,2.6469626796517125,2.682140894746662,2.682140894746662,/mnt/vast-nhr/projects/nhr_ni_starter_27971/messaging-benchmark-29ffcb4/results/workflows/kafka/kafka_reproducible_standard96s_20260814T163308Z/selected-results/v2/final_b03_o06_cfg_107_B0/final_report.json,30,3.715117,3.958526,5.708017985026042,5.736015319824219,3254.712202401729,3358.0603972755785,3253.060990389281,3371.5979483638803,55.93659,3353149498.8902864,3341989750.142924,0.0,0.0,0.954755775471975,0.5148172043010757,0.9333225806451614,1.004534050179212,5.465501792114696,2.5850977408,0.39482758620689656,3.5977011494252875,4868467397.293818,4857517684.797316,0.0,0.0,0.960661018704765,3.0,5.0,11.0,31.0,4.529200192,0.8620689655172413,8.689655172413792,4978101016.855702,4967124042.191509,0.0,0.0,0.9488218752032294,0.0,0.0,0.0,0.0,3.085160632,0.7586206896551724,5.413793103448277
final_b03_o07_cfg_049_B0,final_validation,cfg_049,final_validation:qualification_rank_fill,3,7,B0,32c451e6fd99de3f7e39735a00dec9a87f4809a0f51adf66bd1d4c46177c81fd,qualification.application.v1,measurement.messaging.reproducible.v1,True,64,64,120,4096,1048576,20,1000000,1048576,1048576,50,8388608,15,30,60,True,10,,True,True,valid,True,True,True,True,eligible,True,2929.059584562769,2937.7287760416666,2929.059584562769,749839.2536480689,752058.5666666667,749839.2536480689,1.2488577080760817,messages_attempted,22855366,0.4802941370289773,0,0.0,268.0,1290.0,2180.0,3540.0,421.62411417098576,7237.404049,2285535,2285535,0,0,2.963,8.522,0,0,0,0,0,0,False,,1266.791377402984,1246.0157319433388,2.4838151266115327,2.513694802065578,2.513694802065578,/mnt/vast-nhr/projects/nhr_ni_starter_27971/messaging-benchmark-29ffcb4/results/workflows/kafka/kafka_reproducible_standard96s_20260814T163308Z/selected-results/v2/final_b03_o07_cfg_049_B0/final_report.json,30,4.336283066666667,4.52379,5.712627919514974,5.733428955078125,3054.1470636244394,3203.1553516761637,3057.522939531878,3202.945407074932,52.773348,3146475585.454591,3132103268.677907,0.0,0.0,0.9497969795462513,0.8834336917562725,0.7768853046594985,0.5671935483870969,4.959666666666667,2.6929311629333332,0.396551724137931,3.6005747126436782,4571417089.143452,4556694229.121703,0.0,0.0,0.957889339492973,11.710000000000036,4.0,4.0,33.0,5.126640048,0.8620689655172413,8.551724137931036,4674189591.287044,4659492982.970577,0.0,0.0,0.9430424449331084,0.0,0.0,0.0,0.0,2.632888192,0.7931034482758621,5.827586206896552
final_b03_o08_cfg_101_B0,final_validation,cfg_101,"final_validation:closest_backlog_boundary,high_throughput_transition,raw_throughput_upper_bound",3,8,B0,32c451e6fd99de3f7e39735a00dec9a87f4809a0f51adf66bd1d4c46177c81fd,qualification.application.v1,measurement.messaging.reproducible.v1,True,40,56,180,16384,524288,40,1000000,1048576,8388608,10,16777216,15,30,60,True,10,,True,True,valid,True,True,True,True,eligible,False,2971.9472854006635,3109.7927083333334,2971.9472854006635,190204.62626564247,199026.73333333334,190204.62626564247,8.059296059369933,messages_attempted,6497565,4.16087666497333,0,0.0,1310.0,6420.0,9620.0,13500.0,2044.3666225157915,19942.852101,649753,649753,0,0,3.323,5.385,0,0,0,0,0,0,False,,1266.791377402984,1246.0157319433388,2.598289964637706,2.6276988076244323,2.6276988076244323,/mnt/vast-nhr/projects/nhr_ni_starter_27971/messaging-benchmark-29ffcb4/results/workflows/kafka/kafka_reproducible_standard96s_20260814T163308Z/selected-results/v2/final_b03_o08_cfg_101_B0/final_report.json,30,4.085786000000001,3.971084,5.6819108327229815,5.68743896484375,3330.5341049725434,3523.3340167560996,3331.618012800286,3515.069356013936,56.152233,3291491323.1957498,3274154053.1087956,0.0,0.0,0.9593898811438432,0.7704157706093192,0.9362258064516132,0.649440860215054,4.587422939068101,2.630038968,0.39195402298850573,3.507471264367816,4846926287.269316,4830572030.291704,0.0,0.0,0.9672160311650189,11.0,6.0,7.0,28.0,4.863841984,0.8620689655172413,8.448275862068964,4959010680.016129,4942149721.88501,0.0,0.0,0.9534089715011582,0.0,0.0,0.0,0.0,4.769752184,0.7931034482758621,5.000000000000001
final_b03_o09_cfg_061_B0,final_validation,cfg_061,"final_validation:qualified_leader,qualification_rank_fill",3,9,B0,32c451e6fd99de3f7e39735a00dec9a87f4809a0f51adf66bd1d4c46177c81fd,qualification.application.v1,measurement.messaging.reproducible.v1,True,48,56,90,8192,524288,20,1000000,2097152,8388608,25,16777216,15,30,60,True,10,,True,True,valid,True,True,True,True,eligible,False,2885.451100895832,3023.8986979166666,2885.451100895832,369337.7409146665,387059.0333333333,369337.7409146665,5.065340454891881,messages_attempted,12240579,3.141897043969948,0,0.0,491.0,5090.0,8050.0,11000.0,1306.3396450961284,17431.060028,1224060,1224060,0,0,3.411,1.644,0,0,0,0,0,0,False,,1266.791377402984,1246.0157319433388,2.4841761159000435,2.517266385466678,2.517266385466678,/mnt/vast-nhr/projects/nhr_ni_starter_27971/messaging-benchmark-29ffcb4/results/workflows/kafka/kafka_reproducible_standard96s_20260814T163308Z/selected-results/v2/final_b03_o09_cfg_061_B0/final_report.json,30,4.019674233333333,4.395172,5.675770441691081,5.686145782470703,3178.976734158763,3273.0983686197187,3179.824017157443,3289.0827649782955,55.288815,3146932883.572611,3136553517.7836256,0.0,0.0,0.9569993252497081,0.49113261648745526,0.6120286738351259,0.7268781362007171,4.837060931899643,2.790537809066667,0.38448711926154533,3.67705262302458,4642706106.9000225,4631034213.43931,0.0,0.0,0.9631899857157376,2.0,3.0,8.0,35.0,5.22025336,0.8275862068965517,8.482758620689655,4751275936.293889,4741141717.552399,0.0,0.0,0.9505538149549241,0.0,0.0,0.0,0.0,3.309553624,0.7931034482758621,6.137931034482758
final_b03_o10_cfg_094_B0,final_validation,cfg_094,final_validation:record_rate_pressure,3,10,B0,32c451e6fd99de3f7e39735a00dec9a87f4809a0f51adf66bd1d4c46177c81fd,qualification.application.v1,measurement.messaging.reproducible.v1,True,64,56,90,1024,1048576,5,1000000,524288,4194304,25,8388608,15,30,60,True,10,,True,True,valid,True,True,True,True,eligible,True,1000.5724135728059,1002.5017252604167,1000.5724135728059,1024586.1514985532,1026561.7666666667,1024586.1514985532,1.0187120498641922,messages_attempted,31129994,0.382975936983712,0,0.0,356.0,655.0,736.0,815.0,357.13314326563824,967.347444,3113001,3113001,0,0,2.984,0.413,0,0,0,0,0,0,False,,1266.791377402984,1246.0157319433388,0.8683809479994851,0.8590414097383134,0.8683809479994851,/mnt/vast-nhr/projects/nhr_ni_starter_27971/messaging-benchmark-29ffcb4/results/workflows/kafka/kafka_reproducible_standard96s_20260814T163308Z/selected-results/v2/final_b03_o10_cfg_094_B0/final_report.json,30,5.361139166666666,5.539768,5.674942143758138,5.690074920654297,1079.6918168081236,1094.5380491488133,1083.4920847010505,1099.2451097989435,19.236989,1100057497.2267766,1070379110.9247223,0.0,0.0,0.9328690655720707,0.7943189964157708,0.7247956989247312,0.22498207885304675,4.045824372759857,2.848378889333333,0.3764367816091954,3.407471264367816,1596176587.0067155,1566392445.2344747,0.0,0.0,0.945811506110538,8.100000000000364,5.0,2.0,33.0,5.235728856,0.8275862068965517,8.413793103448278,1633933413.4277678,1604260508.8075001,0.0,0.0,0.9196351875013021,0.0,0.0,0.0,0.0,0.800697656,0.6896551724137931,4.586206896551724
final_b04_o01_cfg_096_B0,final_validation,cfg_096,final_validation:qualification_rank_fill,4,1,B0,32c451e6fd99de3f7e39735a00dec9a87f4809a0f51adf66bd1d4c46177c81fd,qualification.application.v1,measurement.messaging.reproducible.v1,True,32,64,60,16384,1048576,10,1000000,2097152,8388608,50,4194304,15,30,60,True,10,,True,True,valid,True,True,True,True,eligible,True,2661.587582857162,2657.9901041666667,2657.9901041666667,170341.60530285837,170111.36666666667,170111.36666666667,0.1696390252508821,messages_attempted,5123821,0.07960374899994349,0,0.0,114.0,355.0,597.0,927.0,146.08650796876353,1871.910041,512382,512382,0,0,3.286,3.307,0,0,0,0,0,0,False,,1311.4864686880915,1324.5769596100947,2.14658565624013,2.133465167787122,2.14658565624013,/mnt/vast-nhr/projects/nhr_ni_starter_27971/messaging-benchmark-29ffcb4/results/workflows/kafka/kafka_reproducible_standard96s_20260814T163308Z/selected-results/v2/final_b04_o01_cfg_096_B0/final_report.json,30,3.852751366666667,4.426049,5.7266998291015625,5.740886688232422,2723.2187072710162,3033.7987312108326,2754.345247490221,3079.6068061621454,46.555428,2815218042.0388775,2825938805.381507,0.0,0.0,0.9416996423224523,0.39050896057347684,0.693956989247312,0.5595161290322584,4.771415770609319,2.8092460576,0.37643678160919536,3.6873563218390806,4064628925.500483,4086212239.3373337,0.0,0.0,0.9469499111029936,3.0,3.0,3.0,32.0,5.237112256,0.8275862068965517,8.96551724137931,4171777969.536082,4197940716.405355,0.0,0.0,0.9369644794376463,0.0,0.0,0.0,0.0,4.846667232,0.6896551724137931,5.310344827586206
final_b04_o02_cfg_101_B0,final_validation,cfg_101,"final_validation:closest_backlog_boundary,high_throughput_transition,raw_throughput_upper_bound",4,2,B0,32c451e6fd99de3f7e39735a00dec9a87f4809a0f51adf66bd1d4c46177c81fd,qualification.application.v1,measurement.messaging.reproducible.v1,True,40,56,180,16384,524288,40,1000000,1048576,8388608,10,16777216,15,30,60,True,10,,True,True,valid,True,True,True,True,eligible,False,2761.8457347356098,2976.6171875,2761.8457347356098,176758.12702307903,190503.5,176758.12702307903,11.936642930915829,messages_attempted,6493861,6.738548251999987,0,0.0,1880.0,9540.0,13500.0,18300.0,2978.3703542459266,27076.993026,649381,649381,0,0,3.892,21.33,0,0,0,0,0,0,False,,1311.4864686880915,1324.5769596100947,2.4603539031052395,2.4793573879410746,2.4793573879410746,/mnt/vast-nhr/projects/nhr_ni_starter_27971/messaging-benchmark-29ffcb4/results/workflows/kafka/kafka_reproducible_standard96s_20260814T163308Z/selected-results/v2/final_b04_o02_cfg_101_B0/final_report.json,30,3.7780700333333335,4.165631,5.701697921752929,5.71636962890625,3218.8764135387983,3579.6627078999577,3219.68853188921,3529.3486845172683,54.122782,3226720852.106453,3284099670.705815,0.0,0.0,0.9439427164148793,0.6160143369175627,0.7334265232974909,0.7079605734767028,21.282853046594983,2.7801613922666664,0.38908045977011496,3.589080459770115,4736628613.274138,4792130986.812866,0.0,0.0,0.9469904000119218,1.0,5.0,7.0,33.0,5.222839936,0.8620689655172413,8.413793103448278,4846004464.224075,4902143645.769436,0.0,0.0,0.9407704170483687,0.0,0.0,0.0,0.0,2.690771768,0.7586206896551724,5.620689655172413
final_b04_o03_cfg_094_B0,final_validation,cfg_094,final_validation:record_rate_pressure,4,3,B0,32c451e6fd99de3f7e39735a00dec9a87f4809a0f51adf66bd1d4c46177c81fd,qualification.application.v1,measurement.messaging.reproducible.v1,True,64,56,90,1024,1048576,5,1000000,524288,4194304,25,8388608,15,30,60,True,10,,True,True,valid,True,True,True,True,eligible,True,1005.3771500248398,1005.6431966145833,1005.3771500248398,1029506.201625436,1029778.6333333333,1029506.201625436,1.2413096278502995,messages_attempted,31292676,0.39576973199996246,0,0.0,369.0,690.0,793.0,899.0,371.787637874058,1115.43958,3129266,3129266,0,0,3.892,17.186,0,0,0,0,0,0,False,,1311.4864686880915,1324.5769596100947,0.8271118664241286,0.8211647266689527,0.8271118664241286,/mnt/vast-nhr/projects/nhr_ni_starter_27971/messaging-benchmark-29ffcb4/results/workflows/kafka/kafka_reproducible_standard96s_20260814T163308Z/selected-results/v2/final_b04_o03_cfg_094_B0/final_report.json,30,5.172814366666667,5.32069,5.709646224975586,5.719276428222656,1084.2436928420473,1118.9686847160779,1087.7184497263695,1120.8618635344753,18.100655,1084746020.906597,1087695876.9902158,0.0,0.0,0.924371246499697,0.7998637992831541,0.6903691756272402,0.21477419354838714,4.0331827956989255,2.4881111517333334,0.3775862068965517,3.4867816091954023,1582106411.8439047,1584788785.7192793,0.0,0.0,0.9335374862015337,4.0,4.0,2.0,33.710000000000036,4.8328838,0.8620689655172413,8.999999999999998,1619047844.5459442,1621993782.526837,0.0,0.0,0.9149118042253347,0.0,0.0,0.0,0.0,1.00191836,0.6551724137931034,4.0
final_b04_o04_cfg_061_B0,final_validation,cfg_061,"final_validation:qualified_leader,qualification_rank_fill",4,4,B0,32c451e6fd99de3f7e39735a00dec9a87f4809a0f51adf66bd1d4c46177c81fd,qualification.application.v1,measurement.messaging.reproducible.v1,True,48,56,90,8192,524288,20,1000000,2097152,8388608,25,16777216,15,30,60,True,10,,True,True,valid,True,True,True,True,eligible,False,2892.3000664192564,2988.127864583333,2892.3000664192564,370214.4085016648,382480.36666666664,370214.4085016648,6.796611838737516,messages_attempted,12326686,3.2960185310000725,0,0.0,954.0,6930.0,9900.0,13400.0,1930.6752148555772,17827.423473,1232665,1232665,0,0,6.077,5.306,0,0,0,0,0,0,False,,1311.4864686880915,1324.5769596100947,2.435741803953242,2.3829889158279185,2.435741803953242,/mnt/vast-nhr/projects/nhr_ni_starter_27971/messaging-benchmark-29ffcb4/results/workflows/kafka/kafka_reproducible_standard96s_20260814T163308Z/selected-results/v2/final_b04_o04_cfg_061_B0/final_report.json,30,3.5674272333333334,3.75493,5.687208429972331,5.701892852783203,3233.4253961197664,3560.6339182265824,3238.411932547585,3587.9253494345844,53.694272,3194442417.102599,3156452212.9119005,0.0,0.0,0.9478661552656134,0.6876200716845877,0.7241218637992832,0.7827096774193553,5.205559139784949,2.817834447733333,0.4218390804597701,4.044827586206896,4694800693.344625,4656976448.262746,0.0,0.0,0.9511466282946796,6.2099999999999795,4.0,7.0,35.0,5.241955168,0.9655172413793103,9.655172413793101,4809688363.820925,4772312382.857464,0.0,0.0,0.9453016303527069,0.0,0.0,0.0,0.0,3.803125304,0.8620689655172413,6.827586206896552
final_b04_o05_cfg_049_B0,final_validation,cfg_049,final_validation:qualification_rank_fill,4,5,B0,32c451e6fd99de3f7e39735a00dec9a87f4809a0f51adf66bd1d4c46177c81fd,qualification.application.v1,measurement.messaging.reproducible.v1,True,64,64,120,4096,1048576,20,1000000,1048576,1048576,50,8388608,15,30,60,True,10,,True,True,valid,True,True,True,True,eligible,True,2795.548315859056,2861.6712239583335,2795.548315859056,715660.3688599183,732587.8333333334,715660.3688599183,3.6802820916164314,messages_attempted,22827761,1.8974306980001074,0,0.0,389.0,3390.0,6120.0,10100.0,867.8765071188762,19899.965123,2282777,2282777,0,0,3.293,4.326,0,0,0,0,0,0,False,,1311.4864686880915,1324.5769596100947,2.3274030344974763,2.298970229440107,2.3274030344974763,/mnt/vast-nhr/projects/nhr_ni_starter_27971/messaging-benchmark-29ffcb4/results/workflows/kafka/kafka_reproducible_standard96s_20260814T163308Z/selected-results/v2/final_b04_o05_cfg_049_B0/final_report.json,30,4.227546866666667,4.870389,5.736450703938802,5.776054382324219,2971.0308824525514,3320.985695700946,2974.9044788935735,3286.499616551138,50.61103,3052357586.9270434,3045162996.7458987,0.0,0.0,0.9408909948139754,0.694820788530466,0.7738351254480287,0.5437311827956992,5.108555555555555,2.4889157072,0.40632183908045977,3.7810344827586206,4448676070.920506,4439908600.364916,0.0,0.0,0.9444868405998772,6.0,6.0,6.0,34.0,4.81794816,0.9310344827586207,9.379310344827587,4540366867.833735,4538842254.595227,0.0,0.0,0.9377273373992818,0.0,0.0,0.0,0.0,0.498146712,0.7241379310344828,5.310344827586206
final_b04_o06_cfg_007_B0,final_validation,cfg_007,"final_validation:controlled_one_factor,qualification_rank_fill",4,6,B0,32c451e6fd99de3f7e39735a00dec9a87f4809a0f51adf66bd1d4c46177c81fd,qualification.application.v1,measurement.messaging.reproducible.v1,True,64,40,120,4096,1048576,20,1000000,1048576,1048576,50,8388608,15,30,60,True,10,,True,True,valid,True,True,True,True,eligible,True,2930.3914992087607,2937.102083333333,2930.3914992087607,750180.2237974427,751898.1333333333,750180.2237974427,1.0415858472919404,messages_attempted,22800329,0.3921518219999598,0,0.0,309.0,1560.0,2640.0,4290.0,498.2060012101776,7744.292928,2280029,2280029,0,0,3.332,10.104,0,0,0,0,0,0,False,,1311.4864686880915,1324.5769596100947,2.39483294210065,2.3656418907551573,2.39483294210065,/mnt/vast-nhr/projects/nhr_ni_starter_27971/messaging-benchmark-29ffcb4/results/workflows/kafka/kafka_reproducible_standard96s_20260814T163308Z/selected-results/v2/final_b04_o06_cfg_007_B0/final_report.json,30,4.033500933333333,4.535158,5.724682871500651,5.7475128173828125,3057.79225917557,3284.2948116049156,3061.7217425668796,3291.4834512490215,51.589147,3140790998.333494,3133474743.1827416,0.0,0.0,0.9402018086359015,0.886236559139785,0.7784372759856631,0.44891756272401445,4.65821146953405,2.8823099832000003,0.4,3.7057471264367816,4573846249.795061,4566464377.10857,0.0,0.0,0.9442831698721948,4.0,5.0,5.0,34.0,5.105622584,0.896551724137931,9.000000000000002,4681885051.34599,4673848786.721106,0.0,0.0,0.9357141150935899,0.0,0.0,0.0,0.0,4.822811872,0.7586206896551724,5.310344827586207
final_b04_o07_cfg_062_B0,final_validation,cfg_062,final_validation:qualification_rank_fill,4,7,B0,32c451e6fd99de3f7e39735a00dec9a87f4809a0f51adf66bd1d4c46177c81fd,qualification.application.v1,measurement.messaging.reproducible.v1,True,64,64,60,4096,524288,0,1000000,1048576,262144,25,16777216,15,30,60,True,10,,True,True,valid,True,True,True,True,eligible,True,2791.4434542862573,2839.2346354166666,2791.4434542862573,714609.5242972819,726844.0666666667,714609.5242972819,4.279974096269038,messages_attempted,22787451,1.887920369000085,0,0.0,399.0,4800.0,8100.0,12000.0,1136.572735844693,16096.275967,2278744,2278744,0,0,6.635,26.709,0,0,0,0,0,0,False,,1311.4864686880915,1324.5769596100947,2.352241604440313,2.3288072387320615,2.352241604440313,/mnt/vast-nhr/projects/nhr_ni_starter_27971/messaging-benchmark-29ffcb4/results/workflows/kafka/kafka_reproducible_standard96s_20260814T163308Z/selected-results/v2/final_b04_o07_cfg_062_B0/final_report.json,30,4.0061341,4.545239,5.6937908172607425,5.703468322753906,3017.093890822659,3213.1921367674668,3019.5960954313764,3223.8071763818243,50.070137,3084933035.3086367,3084684411.797694,0.0,0.0,0.9501927221231729,0.3919534050179215,0.606720430107527,0.49715053763440853,3.805655913978494,2.6491681224,0.40747126436781606,3.8149425287356324,4497737708.621492,4497788894.282242,0.0,0.0,0.9551822939744081,3.0,3.0,5.0,29.0,4.80709428,0.9310344827586207,9.517241379310347,4583313927.192821,4582992273.180249,0.0,0.0,0.9446236935876947,0.0,0.0,0.0,0.0,2.261966272,0.7586206896551724,5.3793103448275845
final_b04_o08_cfg_107_B0,final_validation,cfg_107,"final_validation:qualified_leader,qualification_rank_fill",4,8,B0,32c451e6fd99de3f7e39735a00dec9a87f4809a0f51adf66bd1d4c46177c81fd,qualification.application.v1,measurement.messaging.reproducible.v1,True,48,24,60,8192,2097152,5,2000000,2097152,8388608,50,33554432,15,30,60,True,10,,True,True,valid,True,True,True,True,eligible,False,2866.072623500382,3034.957552083333,2866.072623500382,366857.2958080489,388474.56666666665,366857.2958080489,5.555683620496721,messages_attempted,12363519,3.701142792999917,0,0.0,602.0,5530.0,9340.0,13200.0,1378.0288035417082,17645.250404,1236350,1236350,0,0,4.389,14.685,0,0,0,0,0,0,False,,1311.4864686880915,1324.5769596100947,2.443691769913964,2.412023104634956,2.443691769913964,/mnt/vast-nhr/projects/nhr_ni_starter_27971/messaging-benchmark-29ffcb4/results/workflows/kafka/kafka_reproducible_standard96s_20260814T163308Z/selected-results/v2/final_b04_o08_cfg_107_B0/final_report.json,30,3.4758061333333337,3.833156,5.724290720621744,5.741523742675781,3231.984244140115,3514.8197471590242,3227.5006411373406,3490.0764115199527,53.992915,3204868689.8866167,3194910230.446671,0.0,0.0,0.9468863571331331,0.2826702508960573,0.707440860215054,0.7253261648745523,5.421014336917563,2.8366437357333334,0.38850574712643676,3.7597701149425284,4697809687.453328,4688150489.602556,0.0,0.0,0.9506074777616746,2.0,4.0,8.710000000000036,34.0,5.169777216,0.8620689655172413,8.89655172413793,4805306008.400308,4795040044.595871,0.0,0.0,0.9442606770544884,0.0,0.0,0.0,0.0,2.388468576,0.7586206896551724,5.86206896551724
final_b04_o09_cfg_113_B0,final_validation,cfg_113,"final_validation:qualified_leader,qualification_rank_fill",4,9,B0,32c451e6fd99de3f7e39735a00dec9a87f4809a0f51adf66bd1d4c46177c81fd,qualification.application.v1,measurement.messaging.reproducible.v1,True,48,56,240,8192,4194304,5,500000,1048576,4194304,100,4194304,15,30,60,True,10,,True,True,valid,True,True,True,True,eligible,True,3009.2000978966516,3054.210416666667,3009.2000978966516,385177.6125307714,390938.93333333335,385177.6125307714,4.084609577375834,messages_attempted,12248637,1.7999211369999557,0,0.0,708.0,3920.0,6760.0,11000.0,1195.7776387357806,19931.09931,1224868,1224868,0,0,3.3,0.188,0,0,0,0,0,0,False,,1311.4864686880915,1324.5769596100947,2.494880619413656,2.4224928312563323,2.494880619413656,/mnt/vast-nhr/projects/nhr_ni_starter_27971/messaging-benchmark-29ffcb4/results/workflows/kafka/kafka_reproducible_standard96s_20260814T163308Z/selected-results/v2/final_b04_o09_cfg_113_B0/final_report.json,30,3.712209833333333,4.006308,5.698586146036784,5.713405609130859,3230.2718727425668,3563.7161953067753,3231.0030450538165,3580.1274142873935,54.195491,3272002173.353174,3208778189.102763,0.0,0.0,0.9509920525968062,0.6552616487455198,0.6808745519713261,0.5727275985663087,5.9457526881720435,2.533033173866667,0.410919540229885,3.7701149425287355,4759000046.936808,4694717258.610918,0.0,0.0,0.9569940506812376,6.0,4.0,6.389999999999986,33.48000000000002,4.89118312,0.9310344827586207,9.413793103448274,4883497266.957592,4818666822.193538,0.0,0.0,0.9457610868564753,0.0,0.0,0.0,0.0,2.56064468,0.7586206896551724,5.448275862068964
final_b04_o10_cfg_001_B0,final_validation,cfg_001,final_validation:manifest_baseline,4,10,B0,32c451e6fd99de3f7e39735a00dec9a87f4809a0f51adf66bd1d4c46177c81fd,qualification.application.v1,measurement.messaging.reproducible.v1,True,40,40,120,4096,1048576,20,1000000,1048576,1048576,50,8388608,15,30,60,True,10,,True,True,valid,True,True,True,True,eligible,True,1757.843004605221,1757.5829427083333,1757.5829427083333,450007.8091789366,449941.23333333334,449941.23333333334,0.29028893188262456,messages_attempted,13544092,0.09740511799986962,0,0.0,102.0,177.0,276.0,471.0,108.4240146533979,897.350348,1354409,1354409,0,0,3.344,6.238,0,0,0,0,0,0,False,,1311.4864686880915,1324.5769596100947,1.4446119234576589,1.4029217940973129,1.4446119234576589,/mnt/vast-nhr/projects/nhr_ni_starter_27971/messaging-benchmark-29ffcb4/results/workflows/kafka/kafka_reproducible_standard96s_20260814T163308Z/selected-results/v2/final_b04_o10_cfg_001_B0/final_report.json,29,5.016552206896552,5.14379,5.672621233709927,5.699127197265625,1817.539178989076,1871.168366604472,1821.7139047542023,1870.9591570237264,30.415506,1894588990.1201966,1858277884.596158,0.0,0.0,0.9335600477657037,0.40873476702508954,0.6735412186379922,0.14572401433691742,3.666351254480287,2.8787684562666667,0.3775862068965517,3.4385057471264364,2739272760.2662144,2702939485.761986,0.0,0.0,0.9429647276750375,3.0,4.949999999999932,1.0,35.0,5.227314336,0.8620689655172413,8.344827586206897,2800977254.8989487,2764774853.402091,0.0,0.0,0.9253697379183081,0.0,0.0,0.0,0.0,5.29553476,0.6896551724137931,4.827586206896552
final_b05_o01_cfg_107_B0,final_validation,cfg_107,"final_validation:qualified_leader,qualification_rank_fill",5,1,B0,32c451e6fd99de3f7e39735a00dec9a87f4809a0f51adf66bd1d4c46177c81fd,qualification.application.v1,measurement.messaging.reproducible.v1,True,48,24,60,8192,2097152,5,2000000,2097152,8388608,50,33554432,15,30,60,True,10,,True,True,valid,True,True,True,True,eligible,True,3017.733596548519,3082.898958333333,3017.733596548519,386269.90035821043,394611.06666666665,386269.90035821043,3.9821912897930676,messages_attempted,12350361,1.9732943009998962,0,0.0,464.0,4690.0,7620.0,11500.0,1186.6686735385226,14669.067258,1235036,1235036,0,0,3.29,4.757,0,0,0,0,0,0,False,,1311.4864686880915,1324.5769596100947,2.5296050149707376,2.4739969460194886,2.5296050149707376,/mnt/vast-nhr/projects/nhr_ni_starter_27971/messaging-benchmark-29ffcb4/results/workflows/kafka/kafka_reproducible_standard96s_20260814T163308Z/selected-results/v2/final_b05_o01_cfg_107_B0/final_report.json,30,3.569400966666667,3.948482,5.75992914835612,5.784587860107422,3263.307224469443,3591.7831753903197,3261.369042050442,3533.4317527744006,54.729788,3317542748.2596593,3276999352.8431535,0.0,0.0,0.9561086102360722,0.3501684587813621,0.7321648745519713,0.9052007168458783,5.333519713261649,2.741235469333333,0.4028735632183908,3.736206896551724,4831338623.716359,4789715051.961756,0.0,0.0,0.962308262462508,3.0,5.0,10.0,32.0,5.234144928,0.896551724137931,9.275862068965518,4948983594.018702,4907721067.596294,0.0,0.0,0.9506965155364108,0.0,0.0,0.0,0.0,0.30423232,0.7241379310344828,4.999999999999998
final_b05_o02_cfg_001_B0,final_validation,cfg_001,final_validation:manifest_baseline,5,2,B0,32c451e6fd99de3f7e39735a00dec9a87f4809a0f51adf66bd1d4c46177c81fd,qualification.application.v1,measurement.messaging.reproducible.v1,True,40,40,120,4096,1048576,20,1000000,1048576,1048576,50,8388608,15,30,60,True,10,,True,True,valid,True,True,True,True,eligible,True,1758.489924825674,1758.0231770833334,1758.0231770833334,450173.42075537256,450053.93333333335,450053.93333333335,0.31852113741925636,messages_attempted,13551063,0.10185261299989179,0,0.0,105.0,182.0,280.0,482.0,111.92215470597421,884.50452,1355109,1355109,0,0,3.305,5.408,0,0,0,0,0,0,False,,1311.4864686880915,1324.5769596100947,1.4370565427231003,1.4608186408137744,1.4608186408137744,/mnt/vast-nhr/projects/nhr_ni_starter_27971/messaging-benchmark-29ffcb4/results/workflows/kafka/kafka_reproducible_standard96s_20260814T163308Z/selected-results/v2/final_b05_o02_cfg_001_B0/final_report.json,30,5.036188233333333,5.263399,5.69263547261556,5.710491180419922,1818.1633753245549,1955.2010203013592,1822.367279967627,1945.0845549750852,30.749869,1884680210.5210364,1934966713.7908604,0.0,0.0,0.9367884657564977,0.13978494623655913,0.5556845878136201,0.27212186379928327,26.67252329749104,2.7129555984000002,0.3839080459770115,3.2477011494252874,2727404010.7352834,2777768087.9015026,0.0,0.0,0.9487650245061858,1.0,3.0,2.0,34.0,4.837522208,0.896551724137931,8.241379310344827,2790114100.500847,2840589576.6849704,0.0,0.0,0.9252196598794097,0.0,0.0,0.0,0.0,4.449943784,0.6896551724137931,4.413793103448276
final_b05_o03_cfg_062_B0,final_validation,cfg_062,final_validation:qualification_rank_fill,5,3,B0,32c451e6fd99de3f7e39735a00dec9a87f4809a0f51adf66bd1d4c46177c81fd,qualification.application.v1,measurement.messaging.reproducible.v1,True,64,64,60,4096,524288,0,1000000,1048576,262144,25,16777216,15,30,60,True,10,,True,True,valid,True,True,True,True,eligible,True,2802.1286790345134,2856.65078125,2802.1286790345134,717344.9418328354,731302.6,717344.9418328354,3.768818767967117,messages_attempted,22802768,1.7872520109999641,0,0.0,407.0,4350.0,7150.0,11000.0,1073.9614367456807,15690.790375,2280271,2280271,0,0,3.302,0.568,0,0,0,0,0,0,False,,1311.4864686880915,1324.5769596100947,2.318659101927876,2.384352233760917,2.384352233760917,/mnt/vast-nhr/projects/nhr_ni_starter_27971/messaging-benchmark-29ffcb4/results/workflows/kafka/kafka_reproducible_standard96s_20260814T163308Z/selected-results/v2/final_b05_o03_cfg_062_B0/final_report.json,30,3.7944629,4.341924,5.73723627726237,5.746425628662109,3040.520743149054,3262.4550116990786,3041.7538539732686,3252.31200535281,50.504139,3040890037.678892,3158258032.4345737,0.0,0.0,0.9431915194967193,0.7448136200716845,0.7368207885304658,0.608125448028674,34.53077419354839,2.7664979192,0.4068965517241379,4.003448275862069,4442376250.250243,4559912942.30216,0.0,0.0,0.9460495123769729,4.0,5.0,5.0,30.0,5.15234408,0.9310344827586207,10.172413793103448,4549729055.356873,4667384404.780989,0.0,0.0,0.9393083883571086,0.0,0.0,0.0,0.0,1.600741248,0.7241379310344828,5.310344827586206
final_b05_o04_cfg_061_B0,final_validation,cfg_061,"final_validation:qualified_leader,qualification_rank_fill",5,4,B0,32c451e6fd99de3f7e39735a00dec9a87f4809a0f51adf66bd1d4c46177c81fd,qualification.application.v1,measurement.messaging.reproducible.v1,True,48,56,90,8192,524288,20,1000000,2097152,8388608,25,16777216,15,30,60,True,10,,True,True,valid,True,True,True,True,eligible,True,2946.2820390607017,3042.98828125,2946.2820390607017,377124.1009997698,389502.5,377124.1009997698,4.7676234436351645,messages_attempted,12284716,2.574630040999864,0,0.0,653.0,5030.0,7950.0,11800.0,1366.3886293228538,15927.355651,1228472,1228472,0,0,3.318,0.78,0,0,0,0,0,0,False,,1311.4864686880915,1324.5769596100947,2.466656375893779,2.434066386827288,2.466656375893779,/mnt/vast-nhr/projects/nhr_ni_starter_27971/messaging-benchmark-29ffcb4/results/workflows/kafka/kafka_reproducible_standard96s_20260814T163308Z/selected-results/v2/final_b05_o04_cfg_061_B0/final_report.json,30,3.6783327666666663,4.077453,5.6949204762776695,5.705898284912109,3230.8204485369442,3525.302232029632,3232.352512448864,3475.497598887268,54.40802,3234986459.887898,3224108254.1528177,0.0,0.0,0.956933804694696,0.8894802867383518,0.6789677419354839,1.1461362007168463,5.841967741935485,2.804675473866667,0.40229885057471265,3.9603448275862068,4739461185.620283,4727202627.901633,0.0,0.0,0.9652352984306668,9.0,4.0,11.0,40.0,5.071011528,0.896551724137931,9.86206896551724,4850330675.716911,4842374906.963853,0.0,0.0,0.9509580655910531,0.0,0.0,0.0,0.0,2.589474672,0.7586206896551724,5.620689655172413
final_b05_o05_cfg_007_B0,final_validation,cfg_007,"final_validation:controlled_one_factor,qualification_rank_fill",5,5,B0,32c451e6fd99de3f7e39735a00dec9a87f4809a0f51adf66bd1d4c46177c81fd,qualification.application.v1,measurement.messaging.reproducible.v1,True,64,40,120,4096,1048576,20,1000000,1048576,1048576,50,8388608,15,30,60,True,10,,True,True,valid,True,True,True,True,eligible,True,2931.6441790229883,2939.51640625,2931.6441790229883,750500.909829885,752516.2,750500.909829885,1.0724152808049967,messages_attempted,22826232,0.4145907469996928,0,0.0,286.0,1390.0,2370.0,3870.0,450.7200936529887,7281.011714,2282617,2282617,0,0,4.244,4.652,0,0,0,0,0,0,False,,1311.4864686880915,1324.5769596100947,2.361880106612997,2.331922328643192,2.361880106612997,/mnt/vast-nhr/projects/nhr_ni_starter_27971/messaging-benchmark-29ffcb4/results/workflows/kafka/kafka_reproducible_standard96s_20260814T163308Z/selected-results/v2/final_b05_o05_cfg_007_B0/final_report.json,30,4.201709133333334,4.919781,5.694638951619466,5.7111968994140625,3061.4960988037765,3343.643269527359,3063.526065169999,3332.9539244792736,51.503822,3097573800.4865327,3088810588.1210914,0.0,0.0,0.9538545687256506,0.46476702508960566,0.6624050179211466,0.404394265232975,4.15156989247312,2.6772251639999998,0.4103448275862069,3.8224137931034483,4514779421.42948,4503403367.056433,0.0,0.0,0.9622639056791901,4.0,3.7799999999999727,4.0,32.0,5.00565764,0.896551724137931,9.172413793103448,4624598662.722605,4614916441.999556,0.0,0.0,0.9465125175664124,0.0,0.0,0.0,0.0,1.079553552,0.7586206896551724,5.89655172413793
final_b05_o06_cfg_094_B0,final_validation,cfg_094,final_validation:record_rate_pressure,5,6,B0,32c451e6fd99de3f7e39735a00dec9a87f4809a0f51adf66bd1d4c46177c81fd,qualification.application.v1,measurement.messaging.reproducible.v1,True,64,56,90,1024,1048576,5,1000000,524288,4194304,25,8388608,15,30,60,True,10,,True,True,valid,True,True,True,True,eligible,True,1003.6009554122611,1004.4978190104167,1003.6009554122611,1027687.3783421554,1028605.7666666667,1027687.3783421554,1.1593357049087063,messages_attempted,31235215,0.39367994199983514,0,0.0,370.0,678.0,756.0,838.0,370.62935260296985,1020.324583,3123526,3123526,0,0,3.939,6.628,0,0,0,0,0,0,False,,1311.4864686880915,1324.5769596100947,0.8239308568006506,0.8242771520258763,0.8242771520258763,/mnt/vast-nhr/projects/nhr_ni_starter_27971/messaging-benchmark-29ffcb4/results/workflows/kafka/kafka_reproducible_standard96s_20260814T163308Z/selected-results/v2/final_b05_o06_cfg_094_B0/final_report.json,30,5.217285933333333,5.445701,5.704714711507162,5.71929931640625,1082.0197616453884,1103.996800788969,1085.545328498223,1104.8879784885235,18.030369,1080574169.8286388,1091818523.906503,0.0,0.0,0.9370293281277405,0.5917562724014337,0.8307240143369177,0.2410143369175628,17.105573476702403,2.7270485648,0.36379310344827587,3.21551724137931,1575832285.7021534,1587777855.754398,0.0,0.0,0.9538033079393297,2.0,7.0,2.0,32.0,4.850780736,0.7931034482758621,8.0,1612835782.74699,1624665372.8792,0.0,0.0,0.9239854919257212,0.0,0.0,0.0,0.0,3.15608768,0.6896551724137931,4.448275862068965
final_b05_o07_cfg_049_B0,final_validation,cfg_049,final_validation:qualification_rank_fill,5,7,B0,32c451e6fd99de3f7e39735a00dec9a87f4809a0f51adf66bd1d4c46177c81fd,qualification.application.v1,measurement.messaging.reproducible.v1,True,64,64,120,4096,1048576,20,1000000,1048576,1048576,50,8388608,15,30,60,True,10,,True,True,valid,True,True,True,True,eligible,True,2706.906872160866,2832.0149739583335,2706.906872160866,692968.1592731817,724995.8333333334,692968.1592731817,4.201332332335989,messages_attempted,22720007,2.7864387839999836,0,0.0,367.0,4940.0,9020.0,14100.0,1124.185501760843,23535.596109,2272001,2272001,0,0,4.858,12.71,0,0,0,0,0,0,False,,1311.4864686880915,1324.5769596100947,2.322244363760232,2.3792679433165924,2.3792679433165924,/mnt/vast-nhr/projects/nhr_ni_starter_27971/messaging-benchmark-29ffcb4/results/workflows/kafka/kafka_reproducible_standard96s_20260814T163308Z/selected-results/v2/final_b05_o07_cfg_049_B0/final_report.json,30,4.0910546666666665,4.477306,5.802296829223633,5.815906524658203,2997.0038458806152,3198.6017217552317,3000.011091168973,3200.118477777195,50.678915,3045592060.0587306,3151523498.456055,0.0,0.0,0.9409637536743392,0.7675340501792113,0.7433727598566308,0.677516129032258,19.73331182795699,2.703976258933333,0.4057471264367816,3.6522988505747125,4435377919.288461,4541188853.912556,0.0,0.0,0.9456571551818994,2.0,5.0,6.0,35.0,4.645290504,0.9310344827586207,8.96551724137931,4535872445.350597,4641888005.674599,0.0,0.0,0.9370266549338158,0.0,0.0,0.0,0.0,1.74142452,0.7241379310344828,5.275862068965519
final_b05_o08_cfg_113_B0,final_validation,cfg_113,"final_validation:qualified_leader,qualification_rank_fill",5,8,B0,32c451e6fd99de3f7e39735a00dec9a87f4809a0f51adf66bd1d4c46177c81fd,qualification.application.v1,measurement.messaging.reproducible.v1,True,48,56,240,8192,4194304,5,500000,1048576,4194304,100,4194304,15,30,60,True,10,,True,True,valid,True,True,True,True,eligible,False,2938.0642523693646,2990.41640625,2938.0642523693646,376072.22430327866,382773.3,376072.22430327866,6.326690673090023,messages_attempted,12279769,2.652619330000107,0,0.0,922.0,4950.0,8140.0,13000.0,1523.894255705759,21121.834762,1227973,1227973,0,0,3.884,84.352,0,0,0,0,0,0,False,,1311.4864686880915,1324.5769596100947,2.463766193370905,2.394708629159966,2.463766193370905,/mnt/vast-nhr/projects/nhr_ni_starter_27971/messaging-benchmark-29ffcb4/results/workflows/kafka/kafka_reproducible_standard96s_20260814T163308Z/selected-results/v2/final_b05_o08_cfg_113_B0/final_report.json,30,3.4460756333333333,3.879415,5.7248074849446615,5.748603820800781,3169.305596860793,3531.926551276475,3168.8499602995503,3532.623571089447,53.492956,3231196024.6171103,3171975875.1647654,0.0,0.0,0.9516558117810467,1.220225806451613,0.8806308243727601,0.598620071684588,6.6624551971326165,2.725685230666667,0.417816091954023,3.8258620689655176,4688450813.773428,4624326186.171486,0.0,0.0,0.9572211063825288,5.0,5.0,6.710000000000036,35.0,4.832988448,0.9655172413793103,9.344827586206897,4800470538.041236,4743447688.392799,0.0,0.0,0.9468563153659778,0.0,0.0,0.0,0.0,4.31979512,0.7241379310344828,5.413793103448277
final_b05_o09_cfg_096_B0,final_validation,cfg_096,final_validation:qualification_rank_fill,5,9,B0,32c451e6fd99de3f7e39735a00dec9a87f4809a0f51adf66bd1d4c46177c81fd,qualification.application.v1,measurement.messaging.reproducible.v1,True,32,64,60,16384,1048576,10,1000000,2097152,8388608,50,4194304,15,30,60,True,10,,True,True,valid,True,True,True,True,eligible,True,2651.9931986735296,2644.1666666666665,2644.1666666666665,169727.5647151059,169226.66666666666,169226.66666666666,0.1482188363724008,messages_attempted,5103265,0.06734446700011176,0,0.0,115.0,388.0,684.0,1160.0,153.3576499892089,2209.060383,510328,510328,0,0,3.304,22.383,0,0,0,0,0,0,False,,1311.4864686880915,1324.5769596100947,2.1374382505906797,2.189753762974111,2.189753762974111,/mnt/vast-nhr/projects/nhr_ni_starter_27971/messaging-benchmark-29ffcb4/results/workflows/kafka/kafka_reproducible_standard96s_20260814T163308Z/selected-results/v2/final_b05_o09_cfg_096_B0/final_report.json,30,3.9736759333333334,4.42567,5.700726064046224,5.714649200439453,2711.6104825756033,2930.7770634917583,2744.240180073541,3056.025399887131,46.317845,2803221343.306022,2900497381.6550117,0.0,0.0,0.9542372866723927,0.4252043010752687,0.6814731182795701,0.9305268817204302,15.337426523297243,2.6702297728,0.3775862068965517,3.31551724137931,4061994698.4055743,4171024181.9655714,0.0,0.0,0.9607238085408883,5.0,4.0,8.159999999999968,35.0,5.098620544,0.8275862068965517,8.103448275862068,4147211082.050157,4253541059.5127907,0.0,0.0,0.9472204588672904,0.0,0.0,0.0,0.0,3.840966208,0.7241379310344828,4.862068965517241
final_b05_o10_cfg_101_B0,final_validation,cfg_101,"final_validation:closest_backlog_boundary,high_throughput_transition,raw_throughput_upper_bound",5,10,B0,32c451e6fd99de3f7e39735a00dec9a87f4809a0f51adf66bd1d4c46177c81fd,qualification.application.v1,measurement.messaging.reproducible.v1,True,40,56,180,16384,524288,40,1000000,1048576,8388608,10,16777216,15,30,60,True,10,,True,True,valid,True,True,True,True,eligible,False,2800.633436889571,2868.6291666666666,2800.633436889571,179240.53996093254,183592.26666666666,179240.53996093254,15.537508060383614,messages_attempted,6525744,6.407679418000043,0,0.0,2980.0,9990.0,13600.0,17700.0,3779.5549368613265,24418.57995,652577,652577,0,0,3.28,23.663,0,0,0,0,0,0,False,,1311.4864686880915,1324.5769596100947,2.4127009426037938,2.493559400977228,2.493559400977228,/mnt/vast-nhr/projects/nhr_ni_starter_27971/messaging-benchmark-29ffcb4/results/workflows/kafka/kafka_reproducible_standard96s_20260814T163308Z/selected-results/v2/final_b05_o10_cfg_101_B0/final_report.json,30,3.5668775333333333,3.874157,5.7213584899902346,5.733924865722656,3167.7345813904485,3441.7526023999444,3171.2754753286977,3439.5593995661966,53.160194,3164224639.215879,3302911329.953586,0.0,0.0,0.9463968447118474,0.5195304659498207,0.874910394265233,0.6822616487455201,34.89452329749104,2.613314416,0.37586206896551727,3.420689655172414,4649031060.687482,4785469189.071828,0.0,0.0,0.948788807428819,3.0,5.0,6.0,30.0,5.020957408,0.8275862068965517,8.344827586206897,4761070655.08297,4897943747.180958,0.0,0.0,0.9445403085027259,0.0,0.0,0.0,0.0,0.899617624,0.7241379310344828,4.931034482758621
pilot_b01_o01_sample10_cfg074,instrumentation_pilot,cfg_074,instrumentation_overhead_probe,1,1,B0,d082de4f4d19f320ebcd87ccbeccf71121251cce04eeae0bc2e939b92dacee3d,qualification.application.v1,measurement.messaging.reproducible.v1,True,16,64,120,2048,262144,40,1000000,2097152,4194304,25,8388608,15,30,60,True,10,,True,True,valid,True,True,True,True,eligible,True,451.92257551710924,451.5552734375,451.5552734375,231384.35866475993,231196.3,231196.3,0.07841885923166797,messages_attempted,6944758,0.013931982015492395,0,0.0,38.4,61.8,66.1,68.7,37.7333769447382,86.227047,694476,694476,0,0,2.991,45.048,0,0,0,0,0,0,False,,1289.810851474703,1067.51874223494,0.3749659070497189,0.47704830119419994,0.47704830119419994,/mnt/vast-nhr/projects/nhr_ni_starter_27971/messaging-benchmark-29ffcb4/results/workflows/kafka/kafka_reproducible_standard96s_20260814T163308Z/selected-results/v2/pilot_b01_o01_sample10_cfg074/final_report.json,30,2.0392661666666667,2.445109,5.675910949707031,5.698631286621094,471.48182412342055,472.755188022584,473.56022320493537,476.6033561704493,8.37868,483635095.8457822,509258002.4761471,0.0,0.0,0.9561959322808548,0.6041935483870965,0.7905017921146953,0.10180645161290328,15.896939068100359,3.1624487309333333,0.1672413793103448,1.92183908045977,700360935.0189773,725951193.8550634,0.0,0.0,0.957551419211903,3.0,8.0,1.0,28.0,5.304886752,0.4482758620689655,5.310344827586207,716635653.4299941,742237131.3424113,0.0,0.0,0.9575491419799332,0.0,0.0,0.0,0.0,4.154177968,0.24137931034482757,2.344827586206897
pilot_b01_o02_off_cfg074,instrumentation_pilot,cfg_074,instrumentation_overhead_probe,1,2,B0,d082de4f4d19f320ebcd87ccbeccf71121251cce04eeae0bc2e939b92dacee3d,qualification.application.v1,measurement.messaging.reproducible.v1,True,16,64,120,2048,262144,40,1000000,2097152,4194304,25,8388608,15,30,60,False,10,,True,True,valid,True,True,True,True,eligible,True,453.7708151152595,453.4119140625,453.4119140625,232330.65733901286,232146.9,232146.9,0.07776668646086721,messages_attempted,6973423,0.01503871800377965,0,0.0,,,,,,,0,0,0,0,,,0,0,0,0,0,0,False,,1289.810851474703,1067.51874223494,0.3747028021435688,0.47180354210323555,0.47180354210323555,/mnt/vast-nhr/projects/nhr_ni_starter_27971/messaging-benchmark-29ffcb4/results/workflows/kafka/kafka_reproducible_standard96s_20260814T163308Z/selected-results/v2/pilot_b01_o02_off_cfg074/final_report.json,30,1.9329746,2.180229,5.627708307902018,5.65338134765625,473.165421594929,474.24640316505145,475.37224724828246,478.4709060813398,8.293627,483295740.2827537,503659123.8480356,0.0,0.0,0.9671896253237067,0.3761075268817204,0.5781792114695342,0.09665591397849467,15.065297491039427,2.3511914128,0.2017241379310345,2.2672413793103448,702511983.817163,722664802.4759548,0.0,0.0,0.9674878821730069,1.0,4.0,1.0,28.0,4.40925436,0.5517241379310345,6.689655172413794,718322239.5436271,738530816.9593351,0.0,0.0,0.9663423275933228,0.0,0.0,0.0,0.0,1.910052104,0.27586206896551724,2.344827586206897
pilot_b02_o01_off_cfg074,instrumentation_pilot,cfg_074,instrumentation_overhead_probe,2,1,B0,d082de4f4d19f320ebcd87ccbeccf71121251cce04eeae0bc2e939b92dacee3d,qualification.application.v1,measurement.messaging.reproducible.v1,True,16,64,120,2048,262144,40,1000000,2097152,4194304,25,8388608,15,30,60,False,10,,True,True,valid,True,True,True,True,eligible,True,453.0733285611912,452.7927734375,452.7927734375,231973.5442233299,231829.9,231829.9,0.07817822192876862,messages_attempted,6962297,0.013249737996375188,0,0.0,,,,,,,0,0,0,0,,,0,0,0,0,0,0,False,,1289.810851474703,1067.51874223494,0.3796997682974143,0.45008021847260443,0.45008021847260443,/mnt/vast-nhr/projects/nhr_ni_starter_27971/messaging-benchmark-29ffcb4/results/workflows/kafka/kafka_reproducible_standard96s_20260814T163308Z/selected-results/v2/pilot_b02_o01_off_cfg074/final_report.json,30,2.0356596666666666,2.277837,5.670803197224935,5.687980651855469,472.43309229745995,473.7072556499987,474.5327925858758,477.558566265625,8.417127,489740881.45243543,480469068.7287017,0.0,0.0,0.9628807898234842,0.9765340501792114,0.9504946236559139,0.05581003584229392,4.132637992831541,2.9385104581333334,0.18563218390804598,2.2189655172413794,707740532.7604196,698449787.3959059,0.0,0.0,0.9635120763568794,4.0,5.0,1.0,28.0,5.263834312,0.5172413793103449,6.275862068965517,723996333.4692525,714712964.2330939,0.0,0.0,0.9630977214507622,0.0,0.0,0.0,0.0,0.287974512,0.24137931034482757,2.6551724137931036
pilot_b02_o02_sample10_cfg074,instrumentation_pilot,cfg_074,instrumentation_overhead_probe,2,2,B0,d082de4f4d19f320ebcd87ccbeccf71121251cce04eeae0bc2e939b92dacee3d,qualification.application.v1,measurement.messaging.reproducible.v1,True,16,64,120,2048,262144,40,1000000,2097152,4194304,25,8388608,15,30,60,True,10,,True,True,valid,True,True,True,True,eligible,True,453.1848177969659,452.81666666666666,452.81666666666666,232030.62671204653,231842.13333333333,231842.13333333333,0.0797801193284283,messages_attempted,6964141,0.013859797007171437,0,0.0,38.4,61.8,66.1,68.8,37.719114690588775,83.454627,696413,696413,0,0,2.967,110.713,0,0,0,0,0,0,False,,1289.810851474703,1067.51874223494,0.37649157583903614,0.4461802495906595,0.4461802495906595,/mnt/vast-nhr/projects/nhr_ni_starter_27971/messaging-benchmark-29ffcb4/results/workflows/kafka/kafka_reproducible_standard96s_20260814T163308Z/selected-results/v2/pilot_b02_o02_sample10_cfg074/final_report.json,30,1.9100155,2.200594,5.662336095174154,5.681678771972656,472.7392209929475,474.34432676463604,474.87636152905066,478.8431913330765,8.422043,485602920.0059999,476305778.85309243,0.0,0.0,0.9709115126959376,0.690143369175627,0.7945376344086023,0.2515089605734767,4.032415770609319,3.2175020688,0.18160919540229883,2.0913793103448275,702881417.4767003,693779471.3917052,0.0,0.0,0.971499251387219,3.0,4.0,1.0,28.0,5.113648456,0.48275862068965514,5.965517241379311,719019413.3609672,709941081.6052809,0.0,0.0,0.9707389614213092,0.0,0.0,0.0,0.0,5.113648456,0.24137931034482757,2.4827586206896552
pilot_b03_o01_off_cfg074,instrumentation_pilot,cfg_074,instrumentation_overhead_probe,3,1,B0,d082de4f4d19f320ebcd87ccbeccf71121251cce04eeae0bc2e939b92dacee3d,qualification.application.v1,measurement.messaging.reproducible.v1,True,16,64,120,2048,262144,40,1000000,2097152,4194304,25,8388608,15,30,60,False,10,,True,True,valid,True,True,True,True,eligible,True,453.9605167330147,453.5367838541667,453.5367838541667,232427.78456730352,232210.83333333334,232210.83333333334,0.07959844426825981,messages_attempted,6976267,0.014714507997268811,0,0.0,,,,,,,0,0,0,0,,,0,0,0,0,0,0,False,,1289.810851474703,1067.51874223494,0.37712505601638646,0.44697855477165394,0.44697855477165394,/mnt/vast-nhr/projects/nhr_ni_starter_27971/messaging-benchmark-29ffcb4/results/workflows/kafka/kafka_reproducible_standard96s_20260814T163308Z/selected-results/v2/pilot_b03_o01_off_cfg074/final_report.json,30,2.0142005333333333,2.195563,5.645404688517252,5.666496276855469,473.35117235341323,474.2878552565117,475.42076515762164,478.36268658175754,8.454228,486419989.6129405,477157984.5958273,0.0,0.0,0.9558723443865179,0.714150537634409,0.6819569892473121,0.08326164874551956,3.9979032258064526,2.5474563488,0.18735632183908046,2.0557471264367817,704230898.2332635,694964152.5117111,0.0,0.0,0.9571945967073677,3.0,4.0,1.0,29.710000000000036,4.555827512,0.5172413793103449,5.89655172413793,720074444.8805578,710857266.8236237,0.0,0.0,0.9578156640687319,0.0,0.0,0.0,0.0,2.009858304,0.27586206896551724,2.4482758620689657
pilot_b03_o02_sample10_cfg074,instrumentation_pilot,cfg_074,instrumentation_overhead_probe,3,2,B0,d082de4f4d19f320ebcd87ccbeccf71121251cce04eeae0bc2e939b92dacee3d,qualification.application.v1,measurement.messaging.reproducible.v1,True,16,64,120,2048,262144,40,1000000,2097152,4194304,25,8388608,15,30,60,True,10,,True,True,valid,True,True,True,True,eligible,True,452.00036717832756,451.6388671875,451.6388671875,231424.1879953037,231239.1,231239.1,0.08003030181314198,messages_attempted,6946119,0.014643425005488098,0,0.0,38.4,61.8,66.1,68.9,37.709849349706964,94.05305,694613,694613,0,0,2.991,79.224,0,0,0,0,0,0,False,,1289.810851474703,1067.51874223494,0.37711420673519985,0.46902981066404176,0.46902981066404176,/mnt/vast-nhr/projects/nhr_ni_starter_27971/messaging-benchmark-29ffcb4/results/workflows/kafka/kafka_reproducible_standard96s_20260814T163308Z/selected-results/v2/pilot_b03_o02_sample10_cfg074/final_report.json,30,1.8826127,2.164717,5.661830647786458,5.679573059082031,471.539030452652,472.68352908342456,473.7504617440727,476.65153211216165,8.396826,486405996.0923353,500698113.5507699,0.0,0.0,0.9705847426404212,0.37698924731182804,0.5654623655913977,0.09334767025089612,20.394086021505377,2.8565914488,0.17758620689655172,2.0528735632183905,703616292.9339132,717797686.200021,0.0,0.0,0.9714367287607415,1.0,4.0,1.0,28.0,4.911584768,0.48275862068965514,5.827586206896552,719452114.4122849,733758368.6853431,0.0,0.0,0.9700824728207216,0.0,0.0,0.0,0.0,1.137086776,0.27586206896551724,2.6551724137931036
rate30_b01_latency_anchor_B0,rate_calibration,latency_anchor,fixed_rate_latency_reference,1,1,B0,d082de4f4d19f320ebcd87ccbeccf71121251cce04eeae0bc2e939b92dacee3d,qualification.application.v1,measurement.messaging.reproducible.v1,True,40,40,120,4096,32768,1,1000000,1048576,1,1,8388608,15,30,60,True,10,,True,True,valid,True,True,True,True,eligible,False,1393.4115557944053,1456.0723958333333,1393.4115557944053,356713.35828336776,372754.5333333333,356713.35828336776,19.6417478311564,messages_attempted,13916287,9.012450033798814,0,0.0,4450.0,10700.0,13100.0,14900.0,4804.859236878583,16994.086208,1391625,1391625,0,0,2.966,11.118,0,0,0,0,0,0,False,,1283.9822963483132,1281.1285803167982,1.2873328682304206,1.3541897943723757,1.3541897943723757,/mnt/vast-nhr/projects/nhr_ni_starter_27971/messaging-benchmark-29ffcb4/results/workflows/kafka/kafka_reproducible_standard96s_20260814T163308Z/selected-results/v2/rate30_b01_latency_anchor_B0/final_report.json,30,4.953244433333333,5.198675,5.647802861531575,5.672454833984375,1646.6083904055347,1706.1346860960855,1648.5155558099534,1708.3019209464921,28.63193,1652912612.315156,1734891248.7437785,0.0,0.0,0.9317395798502573,0.41129032258064546,0.8971254480286739,0.133709677419355,33.22194265232975,2.899370794933333,0.3591954022988506,3.1764367816091954,2417872024.6264625,2499474088.161871,0.0,0.0,0.9371240338571372,1.0,6.0,1.0,28.0,5.20209836,0.7931034482758621,8.03448275862069,2474656337.1356015,2556090022.5184207,0.0,0.0,0.9256297481374045,0.0,0.0,0.0,0.0,4.944205456,0.6551724137931034,4.241379310344827
rate30_b02_latency_anchor_B0,rate_calibration,latency_anchor,fixed_rate_latency_reference,2,1,B0,d082de4f4d19f320ebcd87ccbeccf71121251cce04eeae0bc2e939b92dacee3d,qualification.application.v1,measurement.messaging.reproducible.v1,True,40,40,120,4096,32768,1,1000000,1048576,1,1,8388608,15,30,60,True,10,,True,True,valid,True,True,True,True,eligible,False,1437.6251079326778,1477.34296875,1437.6251079326778,368032.0276307655,378199.8,368032.0276307655,18.378401748184363,messages_attempted,13901051,7.771277012303472,0,0.0,4300.0,9310.0,11500.0,13800.0,4557.398213106418,17693.543218,1390104,1390104,0,0,2.979,22.58,0,0,0,0,0,0,False,,1283.9822963483132,1281.1285803167982,1.3226560727157437,1.3219550430583487,1.3226560727157437,/mnt/vast-nhr/projects/nhr_ni_starter_27971/messaging-benchmark-29ffcb4/results/workflows/kafka/kafka_reproducible_standard96s_20260814T163308Z/selected-results/v2/rate30_b02_latency_anchor_B0/final_report.json,30,4.870558033333333,5.087081,5.644676717122396,5.6593475341796875,1691.2347094648378,1794.1882810754862,1693.2106054862181,1796.1673484733058,29.054084,1698266981.524602,1693594387.555974,0.0,0.0,0.942135044022247,0.4865985663082437,0.6978207885304659,0.03194265232974923,2.910802867383512,2.878166006133333,0.3563218390804598,3.2885057471264365,2477798684.2452135,2473449842.599143,0.0,0.0,0.9487617454223969,3.0,4.0,0.0,24.94999999999996,5.154837576,0.7931034482758621,8.413793103448276,2536684271.2423964,2531889001.54854,0.0,0.0,0.9355899305622992,0.0,0.0,0.0,0.0,3.609549816,0.6896551724137931,4.448275862068965
rate30_b03_latency_anchor_B0,rate_calibration,latency_anchor,fixed_rate_latency_reference,3,1,B0,d082de4f4d19f320ebcd87ccbeccf71121251cce04eeae0bc2e939b92dacee3d,qualification.application.v1,measurement.messaging.reproducible.v1,True,40,40,120,4096,32768,1,1000000,1048576,1,1,8388608,15,30,60,True,10,,True,True,valid,True,True,True,True,eligible,False,1273.8415452393256,1468.9606770833334,1273.8415452393256,326103.43558126735,376053.93333333335,326103.43558126735,19.181397446593177,messages_attempted,13959546,12.807031454052776,0,0.0,3600.0,14400.0,18100.0,20500.0,4734.206181973647,22400.754528,1395958,1395958,0,0,3.384,17.859,0,0,0,0,0,0,False,,1283.9822963483132,1281.1285803167982,1.3191688729492188,1.3027602564047263,1.3191688729492188,/mnt/vast-nhr/projects/nhr_ni_starter_27971/messaging-benchmark-29ffcb4/results/workflows/kafka/kafka_reproducible_standard96s_20260814T163308Z/selected-results/v2/rate30_b03_latency_anchor_B0/final_report.json,29,4.79319451724138,4.960411,5.684624244426859,5.696941375732422,1649.5474701250919,1744.553615871356,1651.5217138493,1746.5579466441316,28.56801,1693789478.760554,1669003397.780935,0.0,0.0,0.9486950862754338,0.34669892473118274,0.6390358422939066,0.062078853046595245,2.814824372759856,3.154694286666667,0.364367816091954,3.5057471264367814,2459687740.602647,2434966123.4406576,0.0,0.0,0.957226866232947,3.0,3.3899999999999864,1.0,23.739999999999952,5.133329656,0.8275862068965517,9.000000000000002,2516720991.3571405,2492036119.6512766,0.0,0.0,0.9414882405585175,0.0,0.0,0.0,0.0,2.301224568,0.6896551724137931,4.827586206896552
screen_b01_o01_cfg_107_B5,profile_screening,cfg_107,qualified_sustainable_leader,1,1,B5,9ca443bdd30445529ed238228772de19b3f8ac80cde6c00ad8f479f75130c4cc,qualification.application.v1,measurement.messaging.reproducible.v1,True,48,24,60,8192,2097152,5,2000000,2097152,8388608,50,33554432,15,30,60,True,10,,True,True,valid,True,True,True,True,eligible,True,2994.747026605199,2991.5354166666666,2991.5354166666666,383327.6194054655,382916.5333333333,382916.5333333333,0.18957062241009517,messages_attempted,11525520,0.06696480099344626,0,0.0,98.2,142.0,163.0,193.0,99.15530315238297,260.667831,1152550,1152550,0,0,3.552,11.421,0,0,0,0,0,0,False,,1078.4281307674162,1292.5762583678995,2.9493603221626237,2.4103772346662162,2.9493603221626237,/mnt/vast-nhr/projects/nhr_ni_starter_27971/messaging-benchmark-29ffcb4/results/workflows/kafka/kafka_reproducible_standard96s_20260814T163308Z/selected-results/v2/screen_b01_o01_cfg_107_B5/final_report.json,30,8.327074900000001,8.730294,41.35572814941406,41.41213607788086,3084.7403055748673,3110.794914413216,3086.6271714499508,3115.046358401245,53.80012,3180673139.1894226,3115596387.240022,0.0,0.0,0.9626060347587396,0.20291756272401396,0.943505376344086,0.2707311827956989,4.698759856630826,20.799967497333334,0.2022975824182792,4.750542057615517,4615568424.206575,4550238898.938178,0.0,0.0,0.963814540385145,2.0,7.0,2.0,32.0,38.3931588,0.5517241379310345,14.448275862068964,4718448708.307577,4653591624.880093,0.0,0.0,0.963814540385145,0.0,0.0,0.0,0.0,29.265449928,0.13793103448275862,1.4827586206896564
screen_b01_o02_cfg_107_B2,profile_screening,cfg_107,qualified_sustainable_leader,1,2,B2,129e338f81b5bee42207894cfeba5a8e3678b1a72eb0fae3bfe4584ad96b9287,qualification.application.v1,measurement.messaging.reproducible.v1,True,48,24,60,8192,2097152,5,2000000,2097152,8388608,50,33554432,15,30,60,True,10,,True,True,valid,True,True,True,True,eligible,True,2986.3221603864367,2983.16015625,2983.16015625,382249.2365294639,381844.5,381844.5,0.19994743582616448,messages_attempted,11494521,0.07067749195266515,0,0.0,98.4,151.0,179.0,215.0,100.68467211634153,273.285232,1149452,1149452,0,0,3.006,13.409,0,0,0,0,0,0,False,,1078.4281307674162,1292.5762583678995,2.988911171711651,2.4415172483788727,2.988911171711651,/mnt/vast-nhr/projects/nhr_ni_starter_27971/messaging-benchmark-29ffcb4/results/workflows/kafka/kafka_reproducible_standard96s_20260814T163308Z/selected-results/v2/screen_b01_o02_cfg_107_B2/final_report.json,30,7.930934866666666,8.15828,21.021884409586587,21.033485412597656,3076.165724757485,3097.495536236016,3077.731482398075,3101.840428416339,53.168532,3223325887.9388437,3155847229.650253,0.0,0.0,0.9487875892971277,0.12442293906809991,0.8925197132616488,0.13401075268817203,4.864498207885309,9.788180773333332,0.25114853364560613,4.975853647904543,4645022415.105086,4577855374.240108,0.0,0.0,0.9503787848306153,1.0,7.0,1.0,35.0,19.193264592,0.6896551724137931,16.448275862068968,4748672105.035044,4681489131.2994175,0.0,0.0,0.9495854201912938,0.0,0.0,0.0,0.0,8.239777616,0.3103448275862069,2.6896551724137914
screen_b01_o03_cfg_107_B0,profile_screening,cfg_107,qualified_sustainable_leader,1,3,B0,d082de4f4d19f320ebcd87ccbeccf71121251cce04eeae0bc2e939b92dacee3d,qualification.application.v1,measurement.messaging.reproducible.v1,True,48,24,60,8192,2097152,5,2000000,2097152,8388608,50,33554432,15,30,60,True,10,,True,True,valid,True,True,True,True,eligible,True,2991.5853925493134,3115.7174479166665,2991.5853925493134,382922.9302463121,398811.8333333333,382922.9302463121,2.883014438291524,messages_attempted,12338856,2.2227096160058863,0,0.0,355.0,3730.0,6700.0,11400.0,911.7509151862871,18815.04621,1233881,1233881,0,0,2.971,19.436,0,0,0,0,0,0,False,,1078.4281307674162,1292.5762583678995,3.079143783871954,2.677796769842567,3.079143783871954,/mnt/vast-nhr/projects/nhr_ni_starter_27971/messaging-benchmark-29ffcb4/results/workflows/kafka/kafka_reproducible_standard96s_20260814T163308Z/selected-results/v2/screen_b01_o03_cfg_107_B0/final_report.json,30,3.6719523666666665,3.8549,5.749524180094401,5.7626800537109375,3267.7993713954706,3335.2206360843716,3266.9107114327403,3327.187143588229,55.643963,3320635275.20514,3461256529.432752,0.0,0.0,0.9425480065842843,0.6818602150537636,0.8957491039426523,1.1751254480286741,37.102311827956996,2.7809564144000003,0.3936781609195402,3.485057471264368,4850862933.413321,4991865088.044058,0.0,0.0,0.9465664449257944,7.0,7.0,9.710000000000036,35.0,5.262673536,0.896551724137931,8.482758620689657,4962971689.4178705,5103065240.642815,0.0,0.0,0.9398190904300308,0.0,0.0,0.0,0.0,3.934371832,0.7586206896551724,5.241379310344828
screen_b01_o04_cfg_107_B4,profile_screening,cfg_107,qualified_sustainable_leader,1,4,B4,2451b1c29cb1ca5487bf4a49262288b03958d0f72fe53c5400390816bcbaec5e,qualification.application.v1,measurement.messaging.reproducible.v1,True,48,24,60,8192,2097152,5,2000000,2097152,8388608,50,33554432,15,30,60,True,10,,True,True,valid,True,True,True,True,eligible,True,2993.602563802851,2991.5578125,2991.5578125,383181.1281667649,382919.4,382919.4,0.1987993259928058,messages_attempted,11525693,0.0788760639843531,0,0.0,99.1,145.0,167.0,198.0,100.10454276570259,265.763931,1152565,1152565,0,0,3.574,12.774,0,0,0,0,0,0,False,,1078.4281307674162,1292.5762583678995,2.9291764232524353,2.4450173983137375,2.9291764232524353,/mnt/vast-nhr/projects/nhr_ni_starter_27971/messaging-benchmark-29ffcb4/results/workflows/kafka/kafka_reproducible_standard96s_20260814T163308Z/selected-results/v2/screen_b01_o04_cfg_107_B4/final_report.json,30,8.261092433333333,8.490878,41.324751663208005,41.376949310302734,3083.2429269181116,3103.4640145126887,3085.1911864720823,3109.1500146665476,54.097794,3158906254.8161097,3160371440.3567867,0.0,0.0,0.9576029401046164,0.2585304659498204,0.9400645161290322,0.17448387096774207,4.681035842293908,20.4040262792,0.1965522592705785,4.767826675688607,4591193946.580869,4590611430.910366,0.0,0.0,0.9597160808268584,2.0,8.0,2.0,34.0,37.789821552,0.5517241379310345,14.620689655172415,4696682322.723579,4696981243.188396,0.0,0.0,0.9611274127301643,0.0,0.0,0.0,0.0,28.294282208,0.13793103448275862,1.4827586206896564
screen_b01_o05_cfg_107_B3,profile_screening,cfg_107,qualified_sustainable_leader,1,5,B3,4ea62ce23e0e376b955c86c3483ff36171163650a32804c34ce36656bb430f35,qualification.application.v1,measurement.messaging.reproducible.v1,True,48,24,60,8192,2097152,5,2000000,2097152,8388608,50,33554432,15,30,60,True,10,,True,True,valid,True,True,True,True,eligible,True,2994.983778888041,2992.61171875,2992.61171875,383357.92369766923,383054.3,383054.3,0.20504990128672435,messages_attempted,11530364,0.07719047099817544,0,0.0,99.3,145.0,168.0,199.0,100.36205154994767,272.276108,1153037,1153037,0,0,2.957,12.691,0,0,0,0,0,0,False,,1078.4281307674162,1292.5762583678995,2.989854564414441,2.450371419137633,2.989854564414441,/mnt/vast-nhr/projects/nhr_ni_starter_27971/messaging-benchmark-29ffcb4/results/workflows/kafka/kafka_reproducible_standard96s_20260814T163308Z/selected-results/v2/screen_b01_o05_cfg_107_B3/final_report.json,30,8.551325100000001,9.425168,21.094658025105794,21.10710906982422,3083.927653967786,3107.615394961955,3086.5011853732335,3108.2242854868277,53.364323,3224343269.167893,3167291920.5605617,0.0,0.0,0.9605742577535862,0.22193548387096748,0.9162437275985669,0.13763440860215054,4.69630107526882,10.392153895466667,0.24942340500151577,4.722370003586381,4650057512.308277,4593613910.406084,0.0,0.0,0.9626054401777375,2.0,6.0,2.0,32.0,19.882398352,0.6896551724137931,15.172413793103448,4756599950.237146,4699970869.397764,0.0,0.0,0.9615801198959797,0.0,0.0,0.0,0.0,11.900095456,0.3103448275862069,2.7931034482758608
screen_b01_o06_cfg_107_B1,profile_screening,cfg_107,qualified_sustainable_leader,1,6,B1,aa578e7a127f69f847c6521bb897f1a84aeabb89d08312e10ffe4157512deae1,qualification.application.v1,measurement.messaging.reproducible.v1,True,48,24,60,8192,2097152,5,2000000,2097152,8388608,50,33554432,15,30,60,True,10,,True,True,valid,True,True,True,True,eligible,True,3026.200928112753,3022.82265625,3022.82265625,387353.7187984324,386921.3,386921.3,0.23073054457816267,messages_attempted,11649953,0.07563256000867113,0,0.0,107.0,166.0,198.0,241.0,108.67586825348006,345.867182,1164995,1164995,0,0,2.969,8.42,0,0,0,0,0,0,False,,1078.4281307674162,1292.5762583678995,3.0252848108498176,2.472156740694026,3.0252848108498176,/mnt/vast-nhr/projects/nhr_ni_starter_27971/messaging-benchmark-29ffcb4/results/workflows/kafka/kafka_reproducible_standard96s_20260814T163308Z/selected-results/v2/screen_b01_o06_cfg_107_B1/final_report.json,30,6.804800233333333,7.323765,10.816741180419921,10.831741333007812,3112.61062780191,3142.882088934164,3113.2116774027377,3140.5780681353967,53.570562,3262552243.603825,3195451109.9852657,0.0,0.0,0.9379176475259267,0.22580645161290305,0.748483870967742,0.2245985663082443,4.321759856630825,6.389893126133333,0.314367816091954,3.9172413793103447,4706041591.105881,4638166193.837982,0.0,0.0,0.9427253803016655,1.339999999999975,5.0,2.0,32.0,9.51900884,0.7931034482758621,11.551724137931032,4811522690.482882,4745365393.697783,0.0,0.0,0.9344625152774078,0.0,0.0,0.0,0.0,4.445364936,0.5172413793103449,3.8965517241379306
screen_b02_o01_cfg_061_B0,profile_screening,cfg_061,qualified_sustainable_secondary,2,1,B0,d082de4f4d19f320ebcd87ccbeccf71121251cce04eeae0bc2e939b92dacee3d,qualification.application.v1,measurement.messaging.reproducible.v1,True,48,56,90,8192,524288,20,1000000,2097152,8388608,25,16777216,15,30,60,True,10,,True,True,valid,True,True,True,True,eligible,True,3019.3835884166133,3094.988802083333,3019.3835884166133,386481.0993173265,396158.56666666665,386481.0993173265,3.0148861685485424,messages_attempted,12270115,1.7482472590054385,0,0.0,314.0,4080.0,6620.0,9790.0,949.5521928782683,13020.746307,1227010,1227010,0,0,3.648,3.55,0,0,0,0,0,0,False,,1078.4281307674162,1292.5762583678995,3.054067543714188,2.532937162306389,3.054067543714188,/mnt/vast-nhr/projects/nhr_ni_starter_27971/messaging-benchmark-29ffcb4/results/workflows/kafka/kafka_reproducible_standard96s_20260814T163308Z/selected-results/v2/screen_b02_o01_cfg_061_B0/final_report.json,30,4.206710066666667,4.374432,5.671915435791016,5.683017730712891,3237.3944676627243,3362.486225811326,3237.9064601322416,3384.1404039081604,56.015434,3293592352.405126,3274014439.9349976,0.0,0.0,0.9419136793914791,0.8586917562724018,0.7455053763440862,0.8883476702508963,5.246569892473119,2.5447519792,0.4045977011494253,3.7511494252873567,4808331911.171041,4788716643.608576,0.0,0.0,0.946315776865823,13.0,4.75,10.0,33.860000000000014,4.92026144,0.896551724137931,9.03448275862069,4924152805.943117,4905048051.280897,0.0,0.0,0.9381430614919762,0.0,0.0,0.0,0.0,5.13894728,0.7931034482758621,5.448275862068964
screen_b02_o02_cfg_061_B1,profile_screening,cfg_061,qualified_sustainable_secondary,2,2,B1,aa578e7a127f69f847c6521bb897f1a84aeabb89d08312e10ffe4157512deae1,qualification.application.v1,measurement.messaging.reproducible.v1,True,48,56,90,8192,524288,20,1000000,2097152,8388608,25,16777216,15,30,60,True,10,,True,True,valid,True,True,True,True,eligible,True,3006.670964753813,3006.41875,3006.41875,384853.8834884881,384821.6,384821.6,0.1433494713858585,messages_attempted,11568930,0.06046819896437228,0,0.0,54.4,99.4,115.0,144.0,57.90880360497211,227.866675,1156893,1156893,0,0,3.539,6.161,0,0,0,0,0,0,False,,1078.4281307674162,1292.5762583678995,2.959833101376262,2.413832581442112,2.959833101376262,/mnt/vast-nhr/projects/nhr_ni_starter_27971/messaging-benchmark-29ffcb4/results/workflows/kafka/kafka_reproducible_standard96s_20260814T163308Z/selected-results/v2/screen_b02_o02_cfg_061_B1/final_report.json,30,7.216478933333334,7.512677,10.78835563659668,10.797828674316406,3089.380361945476,3101.421804483587,3094.152264034588,3124.5216239830925,54.0326,3191967278.900727,3120062686.4469733,0.0,0.0,0.9369640445426606,0.619168458781363,0.8656379928315413,0.23648745519713277,4.4987777777777795,5.433747930933333,0.3385057471264368,5.114942528735631,4626350738.075251,4554851780.718157,0.0,0.0,0.9407738804818155,6.0,7.0,1.0,36.0,9.705995792,0.8620689655172413,15.413793103448276,4732047937.655691,4659765336.347511,0.0,0.0,0.9323848255007132,0.0,0.0,0.0,0.0,5.489498624,0.5172413793103449,4.206896551724138
screen_b02_o03_cfg_061_B2,profile_screening,cfg_061,qualified_sustainable_secondary,2,3,B2,129e338f81b5bee42207894cfeba5a8e3678b1a72eb0fae3bfe4584ad96b9287,qualification.application.v1,measurement.messaging.reproducible.v1,True,48,56,90,8192,524288,20,1000000,2097152,8388608,25,16777216,15,30,60,True,10,,True,True,valid,True,True,True,True,eligible,True,3010.4642932373918,3010.3997395833335,3010.3997395833335,385339.42953438614,385331.1666666667,385331.1666666667,0.1293998249977013,messages_attempted,11582705,0.05840118700871244,0,0.0,64.8,98.5,115.0,145.0,61.047331779915254,225.746462,1158272,1158272,0,0,3.475,1.623,0,0,0,0,0,0,False,,1078.4281307674162,1292.5762583678995,2.905866560393665,2.416104793397826,2.905866560393665,/mnt/vast-nhr/projects/nhr_ni_starter_27971/messaging-benchmark-29ffcb4/results/workflows/kafka/kafka_reproducible_standard96s_20260814T163308Z/selected-results/v2/screen_b02_o03_cfg_061_B2/final_report.json,30,7.619391833333333,8.006002,20.984113057454426,20.99803924560547,3092.921457351644,3109.0711822817507,3097.4881677169205,3114.791459839902,53.955544,3133768242.984881,3122999693.674909,0.0,0.0,0.9514153574559321,0.17455197132616487,1.3035878136200731,0.1866774193548387,4.379960573476704,10.5077646736,0.24367816091954025,5.234482758620689,4564846036.820903,4554206769.781788,0.0,0.0,0.9531492352360867,1.0,8.0,1.0,33.0,19.297292376,0.6896551724137931,16.931034482758623,4670429172.486162,4659762769.98967,0.0,0.0,0.9531492352360867,0.0,0.0,0.0,0.0,19.297292376,0.27586206896551724,2.6206896551724124
screen_b02_o04_cfg_061_B5,profile_screening,cfg_061,qualified_sustainable_secondary,2,4,B5,9ca443bdd30445529ed238228772de19b3f8ac80cde6c00ad8f479f75130c4cc,qualification.application.v1,measurement.messaging.reproducible.v1,True,48,56,90,8192,524288,20,1000000,2097152,8388608,25,16777216,15,30,60,True,10,,True,True,valid,True,True,True,True,eligible,True,3016.8648419377237,3016.882291666667,3016.8648419377237,386158.69976802863,386160.93333333335,386158.69976802863,0.07797928988676021,messages_attempted,11600516,0.04071732301963493,0,0.0,41.0,75.8,92.0,111.0,43.085915519037044,220.558251,1160054,1160054,0,0,3.573,2.81,0,0,0,0,0,0,False,,1078.4281307674162,1292.5762583678995,2.932616868835505,2.52130629608112,2.932616868835505,/mnt/vast-nhr/projects/nhr_ni_starter_27971/messaging-benchmark-29ffcb4/results/workflows/kafka/kafka_reproducible_standard96s_20260814T163308Z/selected-results/v2/screen_b02_o04_cfg_061_B5/final_report.json,29,8.08302003448276,8.367776,41.27038903071963,41.334617614746094,3099.5452341876967,3110.781357825063,3103.2300092618634,3124.287245326109,53.281085,3162616528.115267,3258980658.387962,0.0,0.0,0.9570703225762678,0.23225806451612904,0.9424336917562726,0.21525089605734793,21.608541218637995,20.340798426133333,0.20057471264367815,4.2235632183908045,4600893361.861579,4696876469.463878,0.0,0.0,0.960057810877282,2.0,8.0,2.0,36.0,38.998143696,0.5517241379310345,12.96551724137931,4707167326.27204,4803073813.619795,0.0,0.0,0.960057810877282,0.0,0.0,0.0,0.0,20.178685592,0.13793103448275862,1.3448275862068957
screen_b02_o05_cfg_061_B3,profile_screening,cfg_061,qualified_sustainable_secondary,2,5,B3,4ea62ce23e0e376b955c86c3483ff36171163650a32804c34ce36656bb430f35,qualification.application.v1,measurement.messaging.reproducible.v1,True,48,56,90,8192,524288,20,1000000,2097152,8388608,25,16777216,15,30,60,True,10,,True,True,valid,True,True,True,True,eligible,True,3051.028987557306,3050.4518229166665,3050.4518229166665,390531.7104073352,390457.8333333333,390457.8333333333,0.21632455647676607,messages_attempted,11745777,0.07623608299763873,0,0.0,80.9,130.0,166.0,213.0,79.03058061286744,371.574644,1174577,1174577,0,0,2.961,1.192,0,0,0,0,0,0,False,,1078.4281307674162,1292.5762583678995,2.965117648438364,2.5493421323037997,2.965117648438364,/mnt/vast-nhr/projects/nhr_ni_starter_27971/messaging-benchmark-29ffcb4/results/workflows/kafka/kafka_reproducible_standard96s_20260814T163308Z/selected-results/v2/screen_b02_o05_cfg_061_B3/final_report.json,29,6.918919241379311,7.276587,20.992508329194166,21.019412994384766,3130.653161475291,3149.987018444373,3134.828412358259,3156.112264900032,53.849434,3197666283.1108613,3295219114.6728883,0.0,0.0,0.9605764866017666,0.20483512544802893,0.9552795698924733,0.2503512544802883,28.211293906810035,10.708906877866667,0.23045977011494254,4.382758620689655,4655388802.905613,4752872062.674995,0.0,0.0,0.9638868954220188,2.0,8.0,1.1599999999999682,35.0,19.730132,0.6206896551724138,13.517241379310345,4763542207.147711,4860959987.118563,0.0,0.0,0.9638868954220188,0.0,0.0,0.0,0.0,18.746606496,0.27586206896551724,2.965517241379311
screen_b02_o06_cfg_061_B4,profile_screening,cfg_061,qualified_sustainable_secondary,2,6,B4,2451b1c29cb1ca5487bf4a49262288b03958d0f72fe53c5400390816bcbaec5e,qualification.application.v1,measurement.messaging.reproducible.v1,True,48,56,90,8192,524288,20,1000000,2097152,8388608,25,16777216,15,30,60,True,10,,True,True,valid,True,True,True,True,eligible,True,3017.7169468044212,3017.186458333333,3017.186458333333,386267.7691909659,386199.86666666664,386199.86666666664,0.06332830137995524,messages_attempted,11599869,0.03063083701999858,0,0.0,36.9,59.7,77.6,98.7,37.64986856602827,220.724392,1159988,1159988,0,0,3.59,12.066,0,0,0,0,0,0,False,,1078.4281307674162,1292.5762583678995,2.916724250909652,2.428815966814661,2.916724250909652,/mnt/vast-nhr/projects/nhr_ni_starter_27971/messaging-benchmark-29ffcb4/results/workflows/kafka/kafka_reproducible_standard96s_20260814T163308Z/selected-results/v2/screen_b02_o06_cfg_061_B4/final_report.json,30,8.134202433333334,8.520066,41.27611834208171,41.32716369628906,3099.790798604975,3107.738911629913,3103.0411797587526,3134.935782361165,54.146564,3145477481.872488,3139429854.649507,0.0,0.0,0.9595100015664573,0.21272759856630835,1.3009175627240148,0.1870286738351256,4.38725806451613,19.68682714,0.19137931034482758,4.9959770114942526,4579917499.618602,4574180232.06864,0.0,0.0,0.9623477417981259,2.0,9.0,2.0,36.0,37.92560908,0.5517241379310345,15.586206896551724,4686709446.568657,4680816010.334433,0.0,0.0,0.9623477417981259,0.0,0.0,0.0,0.0,24.876994904,0.13793103448275862,1.6896551724137907
screen_b03_o01_cfg_094_B2,profile_screening,cfg_094,high_record_rate_pressure,3,1,B2,129e338f81b5bee42207894cfeba5a8e3678b1a72eb0fae3bfe4584ad96b9287,qualification.application.v1,measurement.messaging.reproducible.v1,True,64,56,90,1024,1048576,5,1000000,524288,4194304,25,8388608,15,30,60,True,10,,True,True,valid,True,True,True,True,eligible,True,987.8607174243667,992.2621419270833,987.8607174243667,1011569.3746425515,1016076.4333333333,1011569.3746425515,0.9397441121300644,messages_attempted,30780826,0.4287636789958924,0,0.0,305.0,654.0,733.0,808.0,326.8574169696477,950.75293,3078086,3078086,0,0,3.567,20.36,0,0,0,0,0,0,False,,1078.4281307674162,1292.5762583678995,0.9942520510182672,0.811953383041445,0.9942520510182672,/mnt/vast-nhr/projects/nhr_ni_starter_27971/messaging-benchmark-29ffcb4/results/workflows/kafka/kafka_reproducible_standard96s_20260814T163308Z/selected-results/v2/screen_b03_o01_cfg_094_B2/final_report.json,30,6.952821,7.107535,20.972131474812826,20.98770523071289,1073.7873250226735,1093.392460140913,1077.396143581689,1099.113393610162,19.083341,1072229380.8912996,1049511665.8208691,0.0,0.0,0.9525062927146027,0.25227598566308257,1.2450179211469545,0.15046594982078837,4.184863799283155,10.928702412266666,0.22183852564133047,5.063211732983322,1562324397.7167463,1539356444.0780387,0.0,0.0,0.954127644711442,1.0,8.0,1.0,34.0,20.263188064,0.6206896551724138,15.965517241379311,1599893454.8685904,1577449307.0409126,0.0,0.0,0.9548635050905132,0.0,0.0,0.0,0.0,13.689628184,0.24137931034482757,2.310344827586205
screen_b03_o02_cfg_094_B1,profile_screening,cfg_094,high_record_rate_pressure,3,2,B1,aa578e7a127f69f847c6521bb897f1a84aeabb89d08312e10ffe4157512deae1,qualification.application.v1,measurement.messaging.reproducible.v1,True,64,56,90,1024,1048576,5,1000000,524288,4194304,25,8388608,15,30,60,True,10,,True,True,valid,True,True,True,True,eligible,True,986.806582397264,988.9096028645833,986.806582397264,1010489.9403747984,1012643.4333333333,1010489.9403747984,0.9662328129191117,messages_attempted,30689912,0.3713096059509553,0,0.0,308.0,573.0,653.0,744.0,310.61380534520464,919.068043,3068988,3068988,0,0,3.513,19.293,0,0,0,0,0,0,False,,1078.4281307674162,1292.5762583678995,0.9893786164889332,0.846485587339049,0.9893786164889332,/mnt/vast-nhr/projects/nhr_ni_starter_27971/messaging-benchmark-29ffcb4/results/workflows/kafka/kafka_reproducible_standard96s_20260814T163308Z/selected-results/v2/screen_b03_o02_cfg_094_B1/final_report.json,29,6.360247103448276,6.546594,10.791913657352842,10.80179214477539,1068.6487206803085,1099.0695103991757,1072.5596520981908,1108.414080298746,18.85907,1066973732.0014125,1094147173.2450619,0.0,0.0,0.9393434464794891,0.13799283154121864,0.6419605734767024,0.22429390681003566,27.399544802867382,5.586057180266667,0.2724149822871094,4.091399348089516,1556422722.3108327,1583571939.4015176,0.0,0.0,0.9428204803805267,1.0,4.0,1.0,33.0,10.253422128,0.6897265234334586,12.448275862068964,1592880154.3779585,1620094999.9817297,0.0,0.0,0.9364477045087066,0.0,0.0,0.0,0.0,8.581115304,0.3793103448275862,2.896551724137932
screen_b03_o03_cfg_094_B4,profile_screening,cfg_094,high_record_rate_pressure,3,3,B4,2451b1c29cb1ca5487bf4a49262288b03958d0f72fe53c5400390816bcbaec5e,qualification.application.v1,measurement.messaging.reproducible.v1,True,64,56,90,1024,1048576,5,1000000,524288,4194304,25,8388608,15,30,60,True,10,,True,True,valid,True,True,True,True,eligible,True,993.2322404916885,995.4424153645833,993.2322404916885,1017069.814263489,1019333.0333333333,1017069.814263489,1.0322288533861026,messages_attempted,30925022,0.40599457203643396,0,0.0,319.0,674.0,762.0,848.0,333.09130465172905,1042.457983,3092500,3092500,0,0,3.587,18.065,0,0,0,0,0,0,False,,1078.4281307674162,1292.5762583678995,1.0042225978642254,0.8295934749935253,1.0042225978642254,/mnt/vast-nhr/projects/nhr_ni_starter_27971/messaging-benchmark-29ffcb4/results/workflows/kafka/kafka_reproducible_standard96s_20260814T163308Z/selected-results/v2/screen_b03_o03_cfg_094_B4/final_report.json,30,7.156529766666667,7.542489,40.41041768391927,41.29176712036133,1076.2686888505355,1119.2492683638334,1079.8648098140322,1128.8301120288486,19.137242,1082981899.0891154,1072312829.8735547,0.0,0.0,0.9555406660760768,0.2043440860215055,1.1563297491039428,0.14936559139784955,4.077351254480289,20.72850520533333,0.19425287356321838,5.226436781609196,1574610407.1692524,1563815489.3191524,0.0,0.0,0.9598974733363987,1.0,8.0,1.0,34.0,39.132900024,0.5517241379310345,16.06896551724138,1610973335.3064969,1600461300.2537613,0.0,0.0,0.9598974733363987,0.0,0.0,0.0,0.0,6.891432208,0.13793103448275862,1.758620689655174
screen_b03_o04_cfg_094_B5,profile_screening,cfg_094,high_record_rate_pressure,3,4,B5,9ca443bdd30445529ed238228772de19b3f8ac80cde6c00ad8f479f75130c4cc,qualification.application.v1,measurement.messaging.reproducible.v1,True,64,56,90,1024,1048576,5,1000000,524288,4194304,25,8388608,15,30,60,True,10,,True,True,valid,True,True,True,True,eligible,True,994.3017619283327,996.6115559895833,994.3017619283327,1018165.0042146127,1020530.2333333333,1018165.0042146127,1.0024147085828725,messages_attempted,30951561,0.39932731998851523,0,0.0,317.0,659.0,744.0,825.0,329.26120511072617,1006.053789,3095158,3095158,0,0,3.583,6.15,0,0,0,0,0,0,False,,1078.4281307674162,1292.5762583678995,1.0118611611225938,0.8473963910055732,1.0118611611225938,/mnt/vast-nhr/projects/nhr_ni_starter_27971/messaging-benchmark-29ffcb4/results/workflows/kafka/kafka_reproducible_standard96s_20260814T163308Z/selected-results/v2/screen_b03_o04_cfg_094_B5/final_report.json,30,7.2313696,7.511701,40.29993095397949,41.2630500793457,1077.573378126716,1101.555115036171,1080.9130509518566,1097.7868037021265,19.112705,1091219540.585586,1095324456.4404454,0.0,0.0,0.9507433987507485,0.2430000000000001,0.7748888888888891,0.16304301075268826,27.161315412186376,21.351435719733335,0.1988505747126437,4.246551724137931,1582285015.4851198,1585763754.4507911,0.0,0.0,0.9547918526295747,1.7100000000000364,7.0,1.7100000000000364,33.0,39.565034624,0.5517241379310345,12.586206896551724,1618132394.9279523,1622423097.447162,0.0,0.0,0.9547824777548697,0.0,0.0,0.0,0.0,7.625849248,0.13793103448275862,1.4137931034482751
screen_b03_o05_cfg_094_B3,profile_screening,cfg_094,high_record_rate_pressure,3,5,B3,4ea62ce23e0e376b955c86c3483ff36171163650a32804c34ce36656bb430f35,qualification.application.v1,measurement.messaging.reproducible.v1,True,64,56,90,1024,1048576,5,1000000,524288,4194304,25,8388608,15,30,60,True,10,,True,True,valid,True,True,True,True,eligible,True,994.7920162079841,996.8624348958333,994.7920162079841,1018667.0245969758,1020787.1333333333,1018667.0245969758,1.1025567230685582,messages_attempted,30979812,0.4120989419752732,0,0.0,321.0,683.0,770.0,854.0,336.2569861070618,1010.792567,3097987,3097987,0,0,2.988,7.516,0,0,0,0,0,0,False,,1078.4281307674162,1292.5762583678995,1.0226882100473966,0.8560980320274075,1.0226882100473966,/mnt/vast-nhr/projects/nhr_ni_starter_27971/messaging-benchmark-29ffcb4/results/workflows/kafka/kafka_reproducible_standard96s_20260814T163308Z/selected-results/v2/screen_b03_o05_cfg_094_B3/final_report.json,29,7.102522103448276,7.31932,20.975831261996564,20.99557113647461,1077.5520173709403,1110.9186535570516,1081.1788190221296,1119.0686437864665,19.013606,1102895734.7192886,1106571991.0341086,0.0,0.0,0.9562004120271997,0.22384946236559147,0.7225734767025092,0.1864014336917564,26.733702508960572,11.008780379466666,0.2114942528735632,3.9637931034482756,1594936678.831565,1598312647.0132594,0.0,0.0,0.9598985811659904,2.0,6.0,2.0,31.710000000000036,20.671002344,0.5862068965517241,12.586206896551724,1630624617.4236112,1634045145.1004035,0.0,0.0,0.9598985811659904,0.0,0.0,0.0,0.0,9.815960128,0.24137931034482757,2.517241379310345
screen_b03_o06_cfg_094_B0,profile_screening,cfg_094,high_record_rate_pressure,3,6,B0,d082de4f4d19f320ebcd87ccbeccf71121251cce04eeae0bc2e939b92dacee3d,qualification.application.v1,measurement.messaging.reproducible.v1,True,64,56,90,1024,1048576,5,1000000,524288,4194304,25,8388608,15,30,60,True,10,,True,True,valid,True,True,True,True,eligible,True,1000.1236028427561,1000.97392578125,1000.1236028427561,1024126.5693109822,1024997.3,1024126.5693109822,1.1743031684863312,messages_attempted,31136508,0.40294988499954343,0,0.0,364.0,681.0,773.0,860.0,367.04286636122265,1011.140439,3113653,3113653,0,0,2.974,3.927,0,0,0,0,0,0,False,,1078.4281307674162,1292.5762583678995,1.000803605092899,0.8524918890619366,1.000803605092899,/mnt/vast-nhr/projects/nhr_ni_starter_27971/messaging-benchmark-29ffcb4/results/workflows/kafka/kafka_reproducible_standard96s_20260814T163308Z/selected-results/v2/screen_b03_o06_cfg_094_B0/final_report.json,30,5.344675033333333,5.512899,5.714082717895508,5.7272491455078125,1080.3711115941444,1104.0753009584637,1083.5652932744856,1107.0117624021798,19.101824,1079294761.1056266,1101910776.2526605,0.0,0.0,0.9345076851235151,0.45725089605734637,0.7502974910394267,0.20715770609319015,26.994222222222223,2.8221129088,0.3678168852078641,3.358055812342202,1574667756.5178719,1597428661.6455069,0.0,0.0,0.9466206260747341,4.0,5.0,1.0,33.0,5.114851504,0.8275862068965517,8.551724137931034,1611077418.1817145,1633777227.3752098,0.0,0.0,0.9217595894188476,0.0,0.0,0.0,0.0,0.54545188,0.6896551724137931,4.344827586206896
screen_b04_o01_cfg_101_B5,profile_screening,cfg_101,raw_throughput_upper_bound,4,1,B5,9ca443bdd30445529ed238228772de19b3f8ac80cde6c00ad8f479f75130c4cc,qualification.application.v1,measurement.messaging.reproducible.v1,True,40,56,180,16384,524288,40,1000000,1048576,8388608,10,16777216,15,30,60,True,10,,True,True,valid,True,True,True,True,eligible,True,3189.186364110451,3189.059375,3189.059375,204107.92730306886,204099.8,204099.8,0.10355865646140609,messages_attempted,6130825,0.036974497023038566,0,0.0,44.0,56.1,85.7,110.0,39.605853160614465,229.844682,613083,613083,0,0,4.143,12.846,0,0,0,0,0,0,False,,1078.4281307674162,1292.5762583678995,3.1141330854271603,2.707228200005331,3.1141330854271603,/mnt/vast-nhr/projects/nhr_ni_starter_27971/messaging-benchmark-29ffcb4/results/workflows/kafka/kafka_reproducible_standard96s_20260814T163308Z/selected-results/v2/screen_b04_o01_cfg_101_B5/final_report.json,30,7.097102333333334,7.501719,41.21275914510091,41.28691482543945,3261.2543946124383,3269.6765191751138,3266.930027962835,3275.9084386297577,56.327855,3358368722.2781787,3499298897.3109546,0.0,0.0,0.9585175595976582,0.17940860215053775,0.9253835125448029,0.2883942652329748,27.08813620071685,20.560046463200003,0.19770114942528735,4.372988505747127,4875476373.733396,5016646169.3191185,0.0,0.0,0.9623815043065773,1.0,7.0,1.0,28.0,39.638865616,0.5517241379310345,13.379310344827587,4989473783.341541,5130119776.327881,0.0,0.0,0.9623815043065773,0.0,0.0,0.0,0.0,1.124516032,0.13793103448275862,1.758620689655172
screen_b04_o02_cfg_101_B4,profile_screening,cfg_101,raw_throughput_upper_bound,4,2,B4,2451b1c29cb1ca5487bf4a49262288b03958d0f72fe53c5400390816bcbaec5e,qualification.application.v1,measurement.messaging.reproducible.v1,True,40,56,180,16384,524288,40,1000000,1048576,8388608,10,16777216,15,30,60,True,10,,True,True,valid,True,True,True,True,eligible,True,3186.92491472489,3186.7828125,3186.7828125,203963.19454239297,203954.1,203954.1,0.1021991841041338,messages_attempted,6126272,0.03611394402105361,0,0.0,43.6,54.0,57.4,72.8,38.18911386269155,97.460382,612628,612628,0,0,3.53,19.772,0,0,0,0,0,0,False,,1078.4281307674162,1292.5762583678995,3.1036342994923487,2.5774018238093666,3.1036342994923487,/mnt/vast-nhr/projects/nhr_ni_starter_27971/messaging-benchmark-29ffcb4/results/workflows/kafka/kafka_reproducible_standard96s_20260814T163308Z/selected-results/v2/screen_b04_o02_cfg_101_B4/final_report.json,29,7.089158448275862,7.392084,41.18023326479155,41.25566864013672,3258.693894430656,3265.318256069433,3264.243485117283,3271.205435521824,55.987832,3347046536.187173,3331488405.7301116,0.0,0.0,0.9599222582481953,0.2720501792114695,1.7447240143369174,0.1362150537634409,4.3309068100358425,21.192379726133332,0.20172413793103447,5.120689655172414,4864162304.96372,4848074737.588429,0.0,0.0,0.964466057509345,2.0,11.0,1.0,32.0,39.404258808,0.5862068965517241,16.0,4975955407.093552,4960018777.62126,0.0,0.0,0.964466057509345,0.0,0.0,0.0,0.0,39.304753456,0.13793103448275862,1.8275862068965496
screen_b04_o03_cfg_101_B3,profile_screening,cfg_101,raw_throughput_upper_bound,4,3,B3,4ea62ce23e0e376b955c86c3483ff36171163650a32804c34ce36656bb430f35,qualification.application.v1,measurement.messaging.reproducible.v1,True,40,56,180,16384,524288,40,1000000,1048576,8388608,10,16777216,15,30,60,True,10,,True,True,valid,True,True,True,True,eligible,True,3187.3024684412494,3186.9557291666665,3186.9557291666665,203987.35798023996,203965.16666666666,203965.16666666666,0.10382068612073622,messages_attempted,6126910,0.03564030799316242,0,0.0,43.7,54.3,58.6,73.1,38.4110449197196,117.441132,612690,612690,0,0,2.98,17.263,0,0,0,0,0,0,False,,1078.4281307674162,1292.5762583678995,3.074866274539352,2.513337904744237,3.074866274539352,/mnt/vast-nhr/projects/nhr_ni_starter_27971/messaging-benchmark-29ffcb4/results/workflows/kafka/kafka_reproducible_standard96s_20260814T163308Z/selected-results/v2/screen_b04_o03_cfg_101_B3/final_report.json,30,7.084976366666667,7.492547,21.009785970052082,21.030616760253906,3259.3685701873974,3265.545895268138,3264.7069344126667,3273.5271595431004,56.449278,3316022288.811242,3248680904.9285216,0.0,0.0,0.9588562616005539,0.12918279569892477,1.3851935483870976,0.12928673835125448,4.214498207885307,9.616102945333333,0.23160919540229885,4.897701149425288,4833156684.101477,4766188708.386721,0.0,0.0,0.9621903647565306,1.0,9.0,1.0,32.710000000000036,19.14564856,0.6206896551724138,15.03448275862069,4943971416.767385,4877759911.626928,0.0,0.0,0.9621903647565306,0.0,0.0,0.0,0.0,2.65679028,0.24137931034482757,2.758620689655171
screen_b04_o04_cfg_101_B0,profile_screening,cfg_101,raw_throughput_upper_bound,4,4,B0,d082de4f4d19f320ebcd87ccbeccf71121251cce04eeae0bc2e939b92dacee3d,qualification.application.v1,measurement.messaging.reproducible.v1,True,40,56,180,16384,524288,40,1000000,1048576,8388608,10,16777216,15,30,60,True,10,,True,True,valid,True,True,True,True,eligible,False,2728.7814206032576,2974.8244791666666,2728.7814206032576,174642.0109186085,190388.76666666666,174642.0109186085,11.097635128356014,messages_attempted,6428721,6.810759321029764,0,0.0,997.0,10300.0,14100.0,18400.0,2745.8118510935337,25440.486198,642870,642870,0,0,3.524,16.885,0,0,0,0,0,0,False,,1078.4281307674162,1292.5762583678995,3.008159644990752,2.4965388603318663,3.008159644990752,/mnt/vast-nhr/projects/nhr_ni_starter_27971/messaging-benchmark-29ffcb4/results/workflows/kafka/kafka_reproducible_standard96s_20260814T163308Z/selected-results/v2/screen_b04_o04_cfg_101_B0/final_report.json,30,4.396924299999999,4.249254,5.689367294311523,5.703605651855469,3225.727466419274,3423.2814343423893,3227.298832705148,3436.1301370165415,54.806977,3244083982.997351,3226966858.957824,0.0,0.0,0.9409860179543625,1.538913978494624,0.8698494623655912,0.6916057347670254,4.724806451612904,2.8422448696,0.42068965517241375,3.5729885057471265,4749368472.095052,4732254575.585611,0.0,0.0,0.9447777277088851,18.0,5.0,7.0,29.0,4.846879712,0.9655172413793103,8.89655172413793,4864101198.196957,4847451562.536539,0.0,0.0,0.9363817535662484,0.0,0.0,0.0,0.0,1.561812592,0.7586206896551724,5.172413793103449
screen_b04_o05_cfg_101_B2,profile_screening,cfg_101,raw_throughput_upper_bound,4,5,B2,129e338f81b5bee42207894cfeba5a8e3678b1a72eb0fae3bfe4584ad96b9287,qualification.application.v1,measurement.messaging.reproducible.v1,True,40,56,180,16384,524288,40,1000000,1048576,8388608,10,16777216,15,30,60,True,10,,True,True,valid,True,True,True,True,eligible,True,3187.1370602824945,3187.3947916666666,3187.1370602824945,203976.77185807965,203993.26666666666,203976.77185807965,0.1036128219439195,messages_attempted,6127620,0.04061066603753716,0,0.0,44.2,58.5,78.9,102.0,40.01455973152458,209.604407,612760,612760,0,0,2.965,11.275,0,0,0,0,0,0,False,,1078.4281307674162,1292.5762583678995,3.1254333088899973,2.630644772778812,3.1254333088899973,/mnt/vast-nhr/projects/nhr_ni_starter_27971/messaging-benchmark-29ffcb4/results/workflows/kafka/kafka_reproducible_standard96s_20260814T163308Z/selected-results/v2/screen_b04_o05_cfg_101_B2/final_report.json,30,6.950463366666667,7.221213,21.00319048563639,21.020366668701172,3259.583759424328,3267.989606693619,3265.144463279897,3288.416445107812,57.102427,3370555201.14446,3400308977.49351,0.0,0.0,0.9557388038571665,0.12865949820788536,1.0814444444444447,0.46522939068100366,35.4052688172043,10.208474054666665,0.23275862068965517,4.170114942528736,4880611663.164157,4911010169.541735,0.0,0.0,0.9575766048705469,1.0,7.0,1.0,32.0,19.511205608,0.6551724137931034,13.310344827586208,4998260034.158033,5025922757.787611,0.0,0.0,0.9575766048705469,0.0,0.0,0.0,0.0,2.655986976,0.24137931034482757,2.3793103448275867
screen_b04_o06_cfg_101_B1,profile_screening,cfg_101,raw_throughput_upper_bound,4,6,B1,aa578e7a127f69f847c6521bb897f1a84aeabb89d08312e10ffe4157512deae1,qualification.application.v1,measurement.messaging.reproducible.v1,True,40,56,180,16384,524288,40,1000000,1048576,8388608,10,16777216,15,30,60,True,10,,True,True,valid,True,True,True,True,eligible,True,3181.120124916378,3182.0213541666667,3181.120124916378,203591.68799464818,203649.36666666667,203591.68799464818,0.1243823983299322,messages_attempted,6119033,0.05519940098747611,0,0.0,47.8,86.6,109.0,156.0,47.31148206740121,291.366567,611903,611903,0,0,2.953,9.203,0,0,0,0,0,0,False,,1078.4281307674162,1292.5762583678995,3.140522729865747,2.564164205203997,3.140522729865747,/mnt/vast-nhr/projects/nhr_ni_starter_27971/messaging-benchmark-29ffcb4/results/workflows/kafka/kafka_reproducible_standard96s_20260814T163308Z/selected-results/v2/screen_b04_o06_cfg_101_B1/final_report.json,30,6.530753866666667,6.712422,10.819598642985026,10.834625244140625,3254.785519287461,3267.3260984488384,3260.05586585896,3297.321360093974,56.561655,3386828057.2017007,3314377774.2034807,0.0,0.0,0.9415474846374525,0.4476451612903223,0.7879354838709678,0.16717204301075286,3.622336917562725,6.3049535128,0.32356321839080454,4.798275862068966,4894364051.571534,4822714232.935194,0.0,0.0,0.943657225540212,2.0,4.0,2.0,28.0,10.216448024,0.8275862068965517,14.862068965517242,5006079492.504423,4934609846.4205675,0.0,0.0,0.9391194722884478,0.0,0.0,0.0,0.0,6.966854984,0.48275862068965514,3.9999999999999973
screen_b05_o01_latency_anchor_B3,profile_screening,latency_anchor,fixed_rate_latency_reference,5,1,B3,4ea62ce23e0e376b955c86c3483ff36171163650a32804c34ce36656bb430f35,qualification.application.v1,measurement.messaging.reproducible.v1,True,40,40,120,4096,32768,1,1000000,1048576,1,1,8388608,15,30,60,True,10,285370.6866266942,True,True,valid,True,True,True,True,eligible,True,1107.5239728911588,1108.5967447916667,1107.5239728911588,283526.13706013665,283800.76666666666,283526.13706013665,0.5466200421274835,messages_attempted,8561157,0.19523164205020294,0,0.0,146.0,262.0,323.0,398.0,153.69815080790428,606.035229,856120,856120,0,0,2.964,11.439,0,0,0,0,0,0,False,,1078.4281307674162,1292.5762583678995,1.0947186629275818,0.8933706148512307,1.0947186629275818,/mnt/vast-nhr/projects/nhr_ni_starter_27971/messaging-benchmark-29ffcb4/results/workflows/kafka/kafka_reproducible_standard96s_20260814T163308Z/selected-results/v2/screen_b05_o01_latency_anchor_B3/final_report.json,30,7.3100608000000005,7.580913,20.94408353169759,20.973953247070312,1173.5693714137517,1195.4665322410413,1176.7361960673102,1199.0499354980554,20.666441,1180575401.377197,1154749646.6802335,0.0,0.0,0.9618988178264164,0.18613978494623656,1.5305376344086021,0.12376702508960571,3.620892473118279,10.917574416799999,0.2045977011494253,4.191379310344828,1716509957.3926446,1690782311.413159,0.0,0.0,0.9650031722027285,1.0,8.0,1.0,28.529999999999944,20.03238116,0.5517241379310345,13.275862068965516,1756210910.881034,1730328240.2704973,0.0,0.0,0.9643231612546525,0.0,0.0,0.0,0.0,4.34544636,0.24137931034482757,2.5862068965517264
screen_b05_o02_latency_anchor_B2,profile_screening,latency_anchor,fixed_rate_latency_reference,5,2,B2,129e338f81b5bee42207894cfeba5a8e3678b1a72eb0fae3bfe4584ad96b9287,qualification.application.v1,measurement.messaging.reproducible.v1,True,40,40,120,4096,32768,1,1000000,1048576,1,1,8388608,15,30,60,True,10,285370.6866266942,True,True,valid,True,True,True,True,eligible,True,1108.0739049788838,1109.1274739583334,1108.0739049788838,283666.91967459425,283936.63333333336,283666.91967459425,0.5002478637230766,messages_attempted,8561156,0.18014108599163592,0,0.0,143.0,246.0,314.0,412.0,149.56587583052843,686.60438,856120,856120,0,0,2.958,10.894,0,0,0,0,0,0,False,,1078.4281307674162,1292.5762583678995,1.102789962656938,0.9048107628708871,1.102789962656938,/mnt/vast-nhr/projects/nhr_ni_starter_27971/messaging-benchmark-29ffcb4/results/workflows/kafka/kafka_reproducible_standard96s_20260814T163308Z/selected-results/v2/screen_b05_o02_latency_anchor_B2/final_report.json,30,6.973857,7.207428,20.94025115966797,20.960296630859375,1174.2162210798806,1182.5091585401553,1177.2255177547001,1185.6158855048027,20.772216,1189279718.0571904,1169536910.402656,0.0,0.0,0.9559597847664559,0.14326164874551955,1.3106845878136237,0.1166666666666666,3.4395663082437276,10.499569846666667,0.2086206896551724,4.562643678160921,1722892190.0977662,1702837075.652821,0.0,0.0,0.9582289570153267,1.0,8.0,1.0,29.0,19.74163512,0.5862068965517241,15.10344827586207,1762942537.1912332,1742896863.9253454,0.0,0.0,0.9582289570153267,0.0,0.0,0.0,0.0,1.057253576,0.20689655172413793,1.9655172413793118
screen_b05_o03_latency_anchor_B1,profile_screening,latency_anchor,fixed_rate_latency_reference,5,3,B1,aa578e7a127f69f847c6521bb897f1a84aeabb89d08312e10ffe4157512deae1,qualification.application.v1,measurement.messaging.reproducible.v1,True,40,40,120,4096,32768,1,1000000,1048576,1,1,8388608,15,30,60,True,10,285370.6866266942,True,True,valid,True,True,True,True,eligible,True,1108.8002430830197,1109.208984375,1108.8002430830197,283852.86222925305,283957.5,283852.86222925305,0.49443060351277124,messages_attempted,8561161,0.16054426599293947,0,0.0,143.0,249.0,325.0,444.0,151.17846803544012,783.039076,856120,856120,0,0,2.979,5.852,0,0,0,0,0,0,False,,1078.4281307674162,1292.5762583678995,1.097581487146453,0.904820808518676,1.097581487146453,/mnt/vast-nhr/projects/nhr_ni_starter_27971/messaging-benchmark-29ffcb4/results/workflows/kafka/kafka_reproducible_standard96s_20260814T163308Z/selected-results/v2/screen_b05_o03_latency_anchor_B1/final_report.json,30,6.6582568,6.839389,10.796772766113282,10.813980102539062,1175.8500246517783,1181.755479932495,1178.3428250739173,1184.0651635285149,20.621023,1183662751.5482702,1169549895.1684878,0.0,0.0,0.940533256770352,0.3449390681003584,0.9419605734767026,0.06955913978494603,3.170870967741935,5.819417099733333,0.2597701149425287,4.219540229885058,1716771143.256669,1702459797.3372264,0.0,0.0,0.9428927748874864,2.8499999999999943,7.0,1.0,29.0,10.408648072,0.6896551724137931,13.586206896551724,1756108518.1367984,1741922874.0623708,0.0,0.0,0.9386803291673365,0.0,0.0,0.0,0.0,7.691946312,0.3793103448275862,2.724137931034483
screen_b05_o04_latency_anchor_B5,profile_screening,latency_anchor,fixed_rate_latency_reference,5,4,B5,9ca443bdd30445529ed238228772de19b3f8ac80cde6c00ad8f479f75130c4cc,qualification.application.v1,measurement.messaging.reproducible.v1,True,40,40,120,4096,32768,1,1000000,1048576,1,1,8388608,15,30,60,True,10,285370.6866266942,True,True,valid,True,True,True,True,eligible,True,1107.325387035533,1109.32734375,1107.325387035533,283475.2990810964,283987.8,283475.2990810964,0.48126672598107945,messages_attempted,8561157,0.20068814797559753,0,0.0,146.0,261.0,325.0,409.0,154.00257351514685,629.845489,856119,856119,0,0,3.53,0.773,0,0,0,0,0,0,False,,1078.4281307674162,1292.5762583678995,1.1050986899340942,0.9448790482969798,1.1050986899340942,/mnt/vast-nhr/projects/nhr_ni_starter_27971/messaging-benchmark-29ffcb4/results/workflows/kafka/kafka_reproducible_standard96s_20260814T163308Z/selected-results/v2/screen_b05_o04_latency_anchor_B5/final_report.json,30,7.208818633333333,7.588437,38.21472981770833,41.238304138183594,1172.7323777103072,1188.1032580385,1175.805510321188,1191.87329462393,20.540421,1191769514.4991455,1221328224.8579319,0.0,0.0,0.9589411603963441,0.14068100358422933,0.8005376344086022,0.14711469534050128,16.820121863799283,20.88798837466667,0.17988505747126438,4.167816091954022,1723453212.003607,1752959900.8029506,0.0,0.0,0.9623530333158539,1.0,4.0,1.0,29.0,38.66332792,0.5172413793103449,12.931034482758621,1762731428.5237918,1792617460.3250384,0.0,0.0,0.9623530333158539,0.0,0.0,0.0,0.0,29.704115192,0.10344827586206896,1.2758620689655165
screen_b05_o05_latency_anchor_B4,profile_screening,latency_anchor,fixed_rate_latency_reference,5,5,B4,2451b1c29cb1ca5487bf4a49262288b03958d0f72fe53c5400390816bcbaec5e,qualification.application.v1,measurement.messaging.reproducible.v1,True,40,40,120,4096,32768,1,1000000,1048576,1,1,8388608,15,30,60,True,10,285370.6866266942,True,True,valid,True,True,True,True,eligible,True,1107.3562332790175,1108.8912760416667,1107.3562332790175,283483.1957194285,283876.1666666667,283483.1957194285,0.5203849664332949,messages_attempted,8561162,0.19984634104184806,0,0.0,145.0,258.0,319.0,395.0,151.7827331496017,586.365519,856120,856120,0,0,2.967,0.956,0,0,0,0,0,0,False,,1078.4281307674162,1292.5762583678995,1.0784249078378187,0.8823644870344411,1.0784249078378187,/mnt/vast-nhr/projects/nhr_ni_starter_27971/messaging-benchmark-29ffcb4/results/workflows/kafka/kafka_reproducible_standard96s_20260814T163308Z/selected-results/v2/screen_b05_o05_latency_anchor_B4/final_report.json,30,7.7233433,8.038693,40.07981096903483,41.247833251953125,1175.8443444919967,1188.6919281682005,1179.0613590669682,1191.4391353481456,20.535611,1163003757.5325618,1140523387.1676888,0.0,0.0,0.9559880402242091,0.16129032258064516,0.9922652329749105,0.12903225806451613,3.113114695340502,22.963939668000002,0.19885176393731677,5.20348197056114,1696338614.8888807,1674307766.2025905,0.0,0.0,0.9586876491084224,1.0,5.0,1.0,27.0,40.674149136,0.5517241379310345,15.344827586206897,1735315504.3454742,1713398120.9224515,0.0,0.0,0.9586156911837472,0.0,0.0,0.0,0.0,3.5659772,0.13793103448275862,1.7241379310344842
screen_b05_o06_latency_anchor_B0,profile_screening,latency_anchor,fixed_rate_latency_reference,5,6,B0,d082de4f4d19f320ebcd87ccbeccf71121251cce04eeae0bc2e939b92dacee3d,qualification.application.v1,measurement.messaging.reproducible.v1,True,40,40,120,4096,32768,1,1000000,1048576,1,1,8388608,15,30,60,True,10,285370.6866266942,True,True,valid,True,True,True,True,eligible,True,1107.5029516792329,1107.629296875,1107.5029516792329,283520.7556298836,283553.1,283520.7556298836,0.6354396641856552,messages_attempted,8561159,0.19587941095232964,0,0.0,163.0,375.0,544.0,812.0,192.44481351327036,1793.676968,856120,856120,0,0,2.975,1.925,0,0,0,0,0,0,False,,1078.4281307674162,1292.5762583678995,1.109419126411585,0.9061751924579079,1.109419126411585,/mnt/vast-nhr/projects/nhr_ni_starter_27971/messaging-benchmark-29ffcb4/results/workflows/kafka/kafka_reproducible_standard96s_20260814T163308Z/selected-results/v2/screen_b05_o06_latency_anchor_B0/final_report.json,30,4.833686466666666,4.966985,5.6629689534505205,5.679088592529297,1163.235796139744,1170.5572592721137,1165.0617733025747,1172.1362574385423,20.608213,1196428794.7336655,1171300539.693054,0.0,0.0,0.9431184196892239,0.6726487455197133,0.7280716845878135,0.15068817204301077,3.125913978494623,2.634513613333333,0.33448109416537075,3.011476181644387,1728007056.4859064,1703021358.7578197,0.0,0.0,0.9521775862141872,8.389999999999986,5.0,1.0,23.529999999999944,4.93656,0.7586206896551724,7.9655172413793105,1767545706.4297912,1742264820.1017148,0.0,0.0,0.9340557219524895,0.0,0.0,0.0,0.0,1.56663192,0.6206896551724138,3.7931034482758634
